Row Type,Action,Campaign status,Campaign,Campaign type,Networks,Budget,Budget type,Bid strategy type,Language,Location,Final URL suffix,EU political ads,Ad group status,Ad group,Ad group type,Keyword status,Keyword,Type,Level,Negative keyword,Ad status,Ad type,Path 1,Path 2,Final URL,Headline 1,Headline 2,Headline 3,Headline 4,Headline 5,Headline 6,Headline 7,Headline 8,Headline 9,Headline 10,Headline 11,Headline 12,Headline 13,Headline 14,Headline 15,Description 1,Description 2,Description 3,Description 4
Campaign,Add,Paused,[Search] Curso Online Piloto | BR,Search,Google search,"60,00",Daily,Maximize Conversions,pt,Brazil,utm_source=google&utm_medium=cpc&utm_campaign={campaignid}&utm_content={adgroupid}&utm_term={keyword},No,,,,,,,,,,,,,,,,,,,,,,,,,,,,,,,,
Campaign,Add,Paused,[Search] Curso Presencial Lisboa | PT,Search,Google search,"150,00",Daily,Maximize Conversions,pt,Portugal,utm_source=google&utm_medium=cpc&utm_campaign={campaignid}&utm_content={adgroupid}&utm_term={keyword},No,,,,,,,,,,,,,,,,,,,,,,,,,,,,,,,,
Campaign,Add,Paused,[Search] Cursos Presenciais | BR,Search,Google search,"60,00",Daily,Maximize Conversions,pt,Brazil,utm_source=google&utm_medium=cpc&utm_campaign={campaignid}&utm_content={adgroupid}&utm_term={keyword},No,,,,,,,,,,,,,,,,,,,,,,,,,,,,,,,,
Ad group,Add,,[Search] Curso Online Piloto | BR,,,,,,,,,,Enabled,Regulagem de Suspensão / SAG,Standard,,,,,,,,,,,,,,,,,,,,,,,,,,,,,
Keyword,Add,,[Search] Curso Online Piloto | BR,,,,,,,,,,,Regulagem de Suspensão / SAG,,Enabled,curso de regulagem de suspensão,Phrase match,,,,,,,,,,,,,,,,,,,,,,,,,,
Keyword,Add,,[Search] Curso Online Piloto | BR,,,,,,,,,,,Regulagem de Suspensão / SAG,,Enabled,curso de regulagem de suspensão,Exact match,,,,,,,,,,,,,,,,,,,,,,,,,,
Keyword,Add,,[Search] Curso Online Piloto | BR,,,,,,,,,,,Regulagem de Suspensão / SAG,,Enabled,curso de suspensão de moto,Phrase match,,,,,,,,,,,,,,,,,,,,,,,,,,
Keyword,Add,,[Search] Curso Online Piloto | BR,,,,,,,,,,,Regulagem de Suspensão / SAG,,Enabled,curso de suspensão de moto,Exact match,,,,,,,,,,,,,,,,,,,,,,,,,,
Keyword,Add,,[Search] Curso Online Piloto | BR,,,,,,,,,,,Regulagem de Suspensão / SAG,,Enabled,curso online de suspensão,Phrase match,,,,,,,,,,,,,,,,,,,,,,,,,,
Keyword,Add,,[Search] Curso Online Piloto | BR,,,,,,,,,,,Regulagem de Suspensão / SAG,,Enabled,curso online de suspensão,Exact match,,,,,,,,,,,,,,,,,,,,,,,,,,
Keyword,Add,,[Search] Curso Online Piloto | BR,,,,,,,,,,,Regulagem de Suspensão / SAG,,Enabled,como regular a suspensão da moto,Phrase match,,,,,,,,,,,,,,,,,,,,,,,,,,
Keyword,Add,,[Search] Curso Online Piloto | BR,,,,,,,,,,,Regulagem de Suspensão / SAG,,Enabled,como regular a suspensão da moto,Exact match,,,,,,,,,,,,,,,,,,,,,,,,,,
Keyword,Add,,[Search] Curso Online Piloto | BR,,,,,,,,,,,Regulagem de Suspensão / SAG,,Enabled,curso de sag da moto,Phrase match,,,,,,,,,,,,,,,,,,,,,,,,,,
Keyword,Add,,[Search] Curso Online Piloto | BR,,,,,,,,,,,Regulagem de Suspensão / SAG,,Enabled,curso de sag da moto,Exact match,,,,,,,,,,,,,,,,,,,,,,,,,,
Keyword,Add,,[Search] Curso Online Piloto | BR,,,,,,,,,,,Regulagem de Suspensão / SAG,,Enabled,regulagem de sag,Phrase match,,,,,,,,,,,,,,,,,,,,,,,,,,
Keyword,Add,,[Search] Curso Online Piloto | BR,,,,,,,,,,,Regulagem de Suspensão / SAG,,Enabled,regulagem de sag,Exact match,,,,,,,,,,,,,,,,,,,,,,,,,,
Keyword,Add,,[Search] Curso Online Piloto | BR,,,,,,,,,,,Regulagem de Suspensão / SAG,,Enabled,curso de suspensão off-road,Phrase match,,,,,,,,,,,,,,,,,,,,,,,,,,
Keyword,Add,,[Search] Curso Online Piloto | BR,,,,,,,,,,,Regulagem de Suspensão / SAG,,Enabled,curso de suspensão off-road,Exact match,,,,,,,,,,,,,,,,,,,,,,,,,,
Keyword,Add,,[Search] Curso Online Piloto | BR,,,,,,,,,,,Regulagem de Suspensão / SAG,,Enabled,aprender a regular suspensão de moto,Phrase match,,,,,,,,,,,,,,,,,,,,,,,,,,
Keyword,Add,,[Search] Curso Online Piloto | BR,,,,,,,,,,,Regulagem de Suspensão / SAG,,Enabled,aprender a regular suspensão de moto,Exact match,,,,,,,,,,,,,,,,,,,,,,,,,,
Keyword,Add,,[Search] Curso Online Piloto | BR,,,,,,,,,,,Regulagem de Suspensão / SAG,,Enabled,curso de cliques de suspensão,Phrase match,,,,,,,,,,,,,,,,,,,,,,,,,,
Keyword,Add,,[Search] Curso Online Piloto | BR,,,,,,,,,,,Regulagem de Suspensão / SAG,,Enabled,curso de cliques de suspensão,Exact match,,,,,,,,,,,,,,,,,,,,,,,,,,
Keyword,Add,,[Search] Curso Online Piloto | BR,,,,,,,,,,,Regulagem de Suspensão / SAG,,Enabled,curso de ergonomia da moto,Phrase match,,,,,,,,,,,,,,,,,,,,,,,,,,
Keyword,Add,,[Search] Curso Online Piloto | BR,,,,,,,,,,,Regulagem de Suspensão / SAG,,Enabled,curso de ergonomia da moto,Exact match,,,,,,,,,,,,,,,,,,,,,,,,,,
Keyword,Add,,[Search] Curso Online Piloto | BR,,,,,,,,,,,Regulagem de Suspensão / SAG,,Enabled,curso de suspensão para pilotos,Phrase match,,,,,,,,,,,,,,,,,,,,,,,,,,
Keyword,Add,,[Search] Curso Online Piloto | BR,,,,,,,,,,,Regulagem de Suspensão / SAG,,Enabled,curso de suspensão para pilotos,Exact match,,,,,,,,,,,,,,,,,,,,,,,,,,
Keyword,Add,,[Search] Curso Online Piloto | BR,,,,,,,,,,,Regulagem de Suspensão / SAG,,Enabled,como ajustar suspensão da moto,Phrase match,,,,,,,,,,,,,,,,,,,,,,,,,,
Keyword,Add,,[Search] Curso Online Piloto | BR,,,,,,,,,,,Regulagem de Suspensão / SAG,,Enabled,como ajustar suspensão da moto,Exact match,,,,,,,,,,,,,,,,,,,,,,,,,,
Ad group,Add,,[Search] Curso Online Piloto | BR,,,,,,,,,,Enabled,"Trilha, Enduro e Motocross",Standard,,,,,,,,,,,,,,,,,,,,,,,,,,,,,
Keyword,Add,,[Search] Curso Online Piloto | BR,,,,,,,,,,,"Trilha, Enduro e Motocross",,Enabled,curso de suspensão para trilha,Phrase match,,,,,,,,,,,,,,,,,,,,,,,,,,
Keyword,Add,,[Search] Curso Online Piloto | BR,,,,,,,,,,,"Trilha, Enduro e Motocross",,Enabled,curso de suspensão para trilha,Exact match,,,,,,,,,,,,,,,,,,,,,,,,,,
Keyword,Add,,[Search] Curso Online Piloto | BR,,,,,,,,,,,"Trilha, Enduro e Motocross",,Enabled,curso de suspensão enduro,Phrase match,,,,,,,,,,,,,,,,,,,,,,,,,,
Keyword,Add,,[Search] Curso Online Piloto | BR,,,,,,,,,,,"Trilha, Enduro e Motocross",,Enabled,curso de suspensão enduro,Exact match,,,,,,,,,,,,,,,,,,,,,,,,,,
Keyword,Add,,[Search] Curso Online Piloto | BR,,,,,,,,,,,"Trilha, Enduro e Motocross",,Enabled,curso de suspensão motocross,Phrase match,,,,,,,,,,,,,,,,,,,,,,,,,,
Keyword,Add,,[Search] Curso Online Piloto | BR,,,,,,,,,,,"Trilha, Enduro e Motocross",,Enabled,curso de suspensão motocross,Exact match,,,,,,,,,,,,,,,,,,,,,,,,,,
Keyword,Add,,[Search] Curso Online Piloto | BR,,,,,,,,,,,"Trilha, Enduro e Motocross",,Enabled,ajuste de suspensão off road,Phrase match,,,,,,,,,,,,,,,,,,,,,,,,,,
Keyword,Add,,[Search] Curso Online Piloto | BR,,,,,,,,,,,"Trilha, Enduro e Motocross",,Enabled,ajuste de suspensão off road,Exact match,,,,,,,,,,,,,,,,,,,,,,,,,,
Keyword,Add,,[Search] Curso Online Piloto | BR,,,,,,,,,,,"Trilha, Enduro e Motocross",,Enabled,curso de suspensão para hard enduro,Phrase match,,,,,,,,,,,,,,,,,,,,,,,,,,
Keyword,Add,,[Search] Curso Online Piloto | BR,,,,,,,,,,,"Trilha, Enduro e Motocross",,Enabled,curso de suspensão para hard enduro,Exact match,,,,,,,,,,,,,,,,,,,,,,,,,,
Keyword,Add,,[Search] Curso Online Piloto | BR,,,,,,,,,,,"Trilha, Enduro e Motocross",,Enabled,regulagem de suspensão para trilha,Phrase match,,,,,,,,,,,,,,,,,,,,,,,,,,
Keyword,Add,,[Search] Curso Online Piloto | BR,,,,,,,,,,,"Trilha, Enduro e Motocross",,Enabled,regulagem de suspensão para trilha,Exact match,,,,,,,,,,,,,,,,,,,,,,,,,,
Keyword,Add,,[Search] Curso Online Piloto | BR,,,,,,,,,,,"Trilha, Enduro e Motocross",,Enabled,curso de suspensão big trail,Phrase match,,,,,,,,,,,,,,,,,,,,,,,,,,
Keyword,Add,,[Search] Curso Online Piloto | BR,,,,,,,,,,,"Trilha, Enduro e Motocross",,Enabled,curso de suspensão big trail,Exact match,,,,,,,,,,,,,,,,,,,,,,,,,,
Keyword,Add,,[Search] Curso Online Piloto | BR,,,,,,,,,,,"Trilha, Enduro e Motocross",,Enabled,como regular suspensão para trilha,Phrase match,,,,,,,,,,,,,,,,,,,,,,,,,,
Keyword,Add,,[Search] Curso Online Piloto | BR,,,,,,,,,,,"Trilha, Enduro e Motocross",,Enabled,como regular suspensão para trilha,Exact match,,,,,,,,,,,,,,,,,,,,,,,,,,
Keyword,Add,,[Search] Curso Online Piloto | BR,,,,,,,,,,,"Trilha, Enduro e Motocross",,Enabled,curso de pilotagem off road suspensão,Phrase match,,,,,,,,,,,,,,,,,,,,,,,,,,
Keyword,Add,,[Search] Curso Online Piloto | BR,,,,,,,,,,,"Trilha, Enduro e Motocross",,Enabled,curso de pilotagem off road suspensão,Exact match,,,,,,,,,,,,,,,,,,,,,,,,,,
Keyword,Add,,[Search] Curso Online Piloto | BR,,,,,,,,,,,"Trilha, Enduro e Motocross",,Enabled,curso de suspensão para enduro e motocross,Phrase match,,,,,,,,,,,,,,,,,,,,,,,,,,
Keyword,Add,,[Search] Curso Online Piloto | BR,,,,,,,,,,,"Trilha, Enduro e Motocross",,Enabled,curso de suspensão para enduro e motocross,Exact match,,,,,,,,,,,,,,,,,,,,,,,,,,
Ad group,Add,,[Search] Curso Online Piloto | BR,,,,,,,,,,Enabled,Mecânico e Revalvulação,Standard,,,,,,,,,,,,,,,,,,,,,,,,,,,,,
Keyword,Add,,[Search] Curso Online Piloto | BR,,,,,,,,,,,Mecânico e Revalvulação,,Enabled,curso de mecânica de suspensão,Phrase match,,,,,,,,,,,,,,,,,,,,,,,,,,
Keyword,Add,,[Search] Curso Online Piloto | BR,,,,,,,,,,,Mecânico e Revalvulação,,Enabled,curso de mecânica de suspensão,Exact match,,,,,,,,,,,,,,,,,,,,,,,,,,
Keyword,Add,,[Search] Curso Online Piloto | BR,,,,,,,,,,,Mecânico e Revalvulação,,Enabled,curso de revalvulação de suspensão,Phrase match,,,,,,,,,,,,,,,,,,,,,,,,,,
Keyword,Add,,[Search] Curso Online Piloto | BR,,,,,,,,,,,Mecânico e Revalvulação,,Enabled,curso de revalvulação de suspensão,Exact match,,,,,,,,,,,,,,,,,,,,,,,,,,
Keyword,Add,,[Search] Curso Online Piloto | BR,,,,,,,,,,,Mecânico e Revalvulação,,Enabled,curso de preparação de suspensão de moto,Phrase match,,,,,,,,,,,,,,,,,,,,,,,,,,
Keyword,Add,,[Search] Curso Online Piloto | BR,,,,,,,,,,,Mecânico e Revalvulação,,Enabled,curso de preparação de suspensão de moto,Exact match,,,,,,,,,,,,,,,,,,,,,,,,,,
Keyword,Add,,[Search] Curso Online Piloto | BR,,,,,,,,,,,Mecânico e Revalvulação,,Enabled,curso técnico de suspensão de moto,Phrase match,,,,,,,,,,,,,,,,,,,,,,,,,,
Keyword,Add,,[Search] Curso Online Piloto | BR,,,,,,,,,,,Mecânico e Revalvulação,,Enabled,curso técnico de suspensão de moto,Exact match,,,,,,,,,,,,,,,,,,,,,,,,,,
Keyword,Add,,[Search] Curso Online Piloto | BR,,,,,,,,,,,Mecânico e Revalvulação,,Enabled,curso para mecânico de suspensão,Phrase match,,,,,,,,,,,,,,,,,,,,,,,,,,
Keyword,Add,,[Search] Curso Online Piloto | BR,,,,,,,,,,,Mecânico e Revalvulação,,Enabled,curso para mecânico de suspensão,Exact match,,,,,,,,,,,,,,,,,,,,,,,,,,
Keyword,Add,,[Search] Curso Online Piloto | BR,,,,,,,,,,,Mecânico e Revalvulação,,Enabled,curso de válvulas de suspensão,Phrase match,,,,,,,,,,,,,,,,,,,,,,,,,,
Keyword,Add,,[Search] Curso Online Piloto | BR,,,,,,,,,,,Mecânico e Revalvulação,,Enabled,curso de válvulas de suspensão,Exact match,,,,,,,,,,,,,,,,,,,,,,,,,,
Keyword,Add,,[Search] Curso Online Piloto | BR,,,,,,,,,,,Mecânico e Revalvulação,,Enabled,curso de customização de suspensão,Phrase match,,,,,,,,,,,,,,,,,,,,,,,,,,
Keyword,Add,,[Search] Curso Online Piloto | BR,,,,,,,,,,,Mecânico e Revalvulação,,Enabled,curso de customização de suspensão,Exact match,,,,,,,,,,,,,,,,,,,,,,,,,,
Keyword,Add,,[Search] Curso Online Piloto | BR,,,,,,,,,,,Mecânico e Revalvulação,,Enabled,curso online para mecânico de moto suspensão,Phrase match,,,,,,,,,,,,,,,,,,,,,,,,,,
Keyword,Add,,[Search] Curso Online Piloto | BR,,,,,,,,,,,Mecânico e Revalvulação,,Enabled,curso online para mecânico de moto suspensão,Exact match,,,,,,,,,,,,,,,,,,,,,,,,,,
Keyword,Add,,[Search] Curso Online Piloto | BR,,,,,,,,,,,Mecânico e Revalvulação,,Enabled,curso de suspensão para oficina,Phrase match,,,,,,,,,,,,,,,,,,,,,,,,,,
Keyword,Add,,[Search] Curso Online Piloto | BR,,,,,,,,,,,Mecânico e Revalvulação,,Enabled,curso de suspensão para oficina,Exact match,,,,,,,,,,,,,,,,,,,,,,,,,,
Ad group,Add,,[Search] Curso Online Piloto | BR,,,,,,,,,,Enabled,Marca W-Tech,Standard,,,,,,,,,,,,,,,,,,,,,,,,,,,,,
Keyword,Add,,[Search] Curso Online Piloto | BR,,,,,,,,,,,Marca W-Tech,,Enabled,curso w-tech suspensão,Phrase match,,,,,,,,,,,,,,,,,,,,,,,,,,
Keyword,Add,,[Search] Curso Online Piloto | BR,,,,,,,,,,,Marca W-Tech,,Enabled,curso w-tech suspensão,Exact match,,,,,,,,,,,,,,,,,,,,,,,,,,
Keyword,Add,,[Search] Curso Online Piloto | BR,,,,,,,,,,,Marca W-Tech,,Enabled,w-tech brasil curso online,Phrase match,,,,,,,,,,,,,,,,,,,,,,,,,,
Keyword,Add,,[Search] Curso Online Piloto | BR,,,,,,,,,,,Marca W-Tech,,Enabled,w-tech brasil curso online,Exact match,,,,,,,,,,,,,,,,,,,,,,,,,,
Keyword,Add,,[Search] Curso Online Piloto | BR,,,,,,,,,,,Marca W-Tech,,Enabled,curso wtech,Phrase match,,,,,,,,,,,,,,,,,,,,,,,,,,
Keyword,Add,,[Search] Curso Online Piloto | BR,,,,,,,,,,,Marca W-Tech,,Enabled,curso wtech,Exact match,,,,,,,,,,,,,,,,,,,,,,,,,,
Keyword,Add,,[Search] Curso Online Piloto | BR,,,,,,,,,,,Marca W-Tech,,Enabled,alex crepaldi curso,Phrase match,,,,,,,,,,,,,,,,,,,,,,,,,,
Keyword,Add,,[Search] Curso Online Piloto | BR,,,,,,,,,,,Marca W-Tech,,Enabled,alex crepaldi curso,Exact match,,,,,,,,,,,,,,,,,,,,,,,,,,
Keyword,Add,,[Search] Curso Online Piloto | BR,,,,,,,,,,,Marca W-Tech,,Enabled,w-tech curso de suspensão,Phrase match,,,,,,,,,,,,,,,,,,,,,,,,,,
Keyword,Add,,[Search] Curso Online Piloto | BR,,,,,,,,,,,Marca W-Tech,,Enabled,w-tech curso de suspensão,Exact match,,,,,,,,,,,,,,,,,,,,,,,,,,
Keyword,Add,,[Search] Curso Online Piloto | BR,,,,,,,,,,,Marca W-Tech,,Enabled,curso wtech suspensão online,Phrase match,,,,,,,,,,,,,,,,,,,,,,,,,,
Keyword,Add,,[Search] Curso Online Piloto | BR,,,,,,,,,,,Marca W-Tech,,Enabled,curso wtech suspensão online,Exact match,,,,,,,,,,,,,,,,,,,,,,,,,,
Keyword,Add,,[Search] Curso Online Piloto | BR,,,,,,,,,,,Marca W-Tech,,Enabled,w-tech suspensões curso,Phrase match,,,,,,,,,,,,,,,,,,,,,,,,,,
Keyword,Add,,[Search] Curso Online Piloto | BR,,,,,,,,,,,Marca W-Tech,,Enabled,w-tech suspensões curso,Exact match,,,,,,,,,,,,,,,,,,,,,,,,,,
Keyword,Add,,[Search] Curso Online Piloto | BR,,,,,,,,,,,Marca W-Tech,,Enabled,rafa paschoalin curso,Phrase match,,,,,,,,,,,,,,,,,,,,,,,,,,
Keyword,Add,,[Search] Curso Online Piloto | BR,,,,,,,,,,,Marca W-Tech,,Enabled,rafa paschoalin curso,Exact match,,,,,,,,,,,,,,,,,,,,,,,,,,
Ad group,Add,,[Search] Curso Presencial Lisboa | PT,,,,,,,,,,Enabled,Curso de Suspensões Lisboa / Sintra,Standard,,,,,,,,,,,,,,,,,,,,,,,,,,,,,
Keyword,Add,,[Search] Curso Presencial Lisboa | PT,,,,,,,,,,,Curso de Suspensões Lisboa / Sintra,,Enabled,curso de suspensão de motas lisboa,Phrase match,,,,,,,,,,,,,,,,,,,,,,,,,,
Keyword,Add,,[Search] Curso Presencial Lisboa | PT,,,,,,,,,,,Curso de Suspensões Lisboa / Sintra,,Enabled,curso de suspensão de motas lisboa,Exact match,,,,,,,,,,,,,,,,,,,,,,,,,,
Keyword,Add,,[Search] Curso Presencial Lisboa | PT,,,,,,,,,,,Curso de Suspensões Lisboa / Sintra,,Enabled,curso de suspensões sintra,Phrase match,,,,,,,,,,,,,,,,,,,,,,,,,,
Keyword,Add,,[Search] Curso Presencial Lisboa | PT,,,,,,,,,,,Curso de Suspensões Lisboa / Sintra,,Enabled,curso de suspensões sintra,Exact match,,,,,,,,,,,,,,,,,,,,,,,,,,
Keyword,Add,,[Search] Curso Presencial Lisboa | PT,,,,,,,,,,,Curso de Suspensões Lisboa / Sintra,,Enabled,formação suspensão de motas portugal,Phrase match,,,,,,,,,,,,,,,,,,,,,,,,,,
Keyword,Add,,[Search] Curso Presencial Lisboa | PT,,,,,,,,,,,Curso de Suspensões Lisboa / Sintra,,Enabled,formação suspensão de motas portugal,Exact match,,,,,,,,,,,,,,,,,,,,,,,,,,
Keyword,Add,,[Search] Curso Presencial Lisboa | PT,,,,,,,,,,,Curso de Suspensões Lisboa / Sintra,,Enabled,curso presencial suspensão moto portugal,Phrase match,,,,,,,,,,,,,,,,,,,,,,,,,,
Keyword,Add,,[Search] Curso Presencial Lisboa | PT,,,,,,,,,,,Curso de Suspensões Lisboa / Sintra,,Enabled,curso presencial suspensão moto portugal,Exact match,,,,,,,,,,,,,,,,,,,,,,,,,,
Keyword,Add,,[Search] Curso Presencial Lisboa | PT,,,,,,,,,,,Curso de Suspensões Lisboa / Sintra,,Enabled,curso de suspensões motas portugal,Phrase match,,,,,,,,,,,,,,,,,,,,,,,,,,
Keyword,Add,,[Search] Curso Presencial Lisboa | PT,,,,,,,,,,,Curso de Suspensões Lisboa / Sintra,,Enabled,curso de suspensões motas portugal,Exact match,,,,,,,,,,,,,,,,,,,,,,,,,,
Keyword,Add,,[Search] Curso Presencial Lisboa | PT,,,,,,,,,,,Curso de Suspensões Lisboa / Sintra,,Enabled,formação técnica motas lisboa,Phrase match,,,,,,,,,,,,,,,,,,,,,,,,,,
Keyword,Add,,[Search] Curso Presencial Lisboa | PT,,,,,,,,,,,Curso de Suspensões Lisboa / Sintra,,Enabled,formação técnica motas lisboa,Exact match,,,,,,,,,,,,,,,,,,,,,,,,,,
Keyword,Add,,[Search] Curso Presencial Lisboa | PT,,,,,,,,,,,Curso de Suspensões Lisboa / Sintra,,Enabled,curso de suspensões lisboa,Phrase match,,,,,,,,,,,,,,,,,,,,,,,,,,
Keyword,Add,,[Search] Curso Presencial Lisboa | PT,,,,,,,,,,,Curso de Suspensões Lisboa / Sintra,,Enabled,curso de suspensões lisboa,Exact match,,,,,,,,,,,,,,,,,,,,,,,,,,
Keyword,Add,,[Search] Curso Presencial Lisboa | PT,,,,,,,,,,,Curso de Suspensões Lisboa / Sintra,,Enabled,curso presencial motas sintra,Phrase match,,,,,,,,,,,,,,,,,,,,,,,,,,
Keyword,Add,,[Search] Curso Presencial Lisboa | PT,,,,,,,,,,,Curso de Suspensões Lisboa / Sintra,,Enabled,curso presencial motas sintra,Exact match,,,,,,,,,,,,,,,,,,,,,,,,,,
Ad group,Add,,[Search] Curso Presencial Lisboa | PT,,,,,,,,,,Enabled,Afinação / Regulação de Suspensão,Standard,,,,,,,,,,,,,,,,,,,,,,,,,,,,,
Keyword,Add,,[Search] Curso Presencial Lisboa | PT,,,,,,,,,,,Afinação / Regulação de Suspensão,,Enabled,afinação de suspensão de mota,Phrase match,,,,,,,,,,,,,,,,,,,,,,,,,,
Keyword,Add,,[Search] Curso Presencial Lisboa | PT,,,,,,,,,,,Afinação / Regulação de Suspensão,,Enabled,afinação de suspensão de mota,Exact match,,,,,,,,,,,,,,,,,,,,,,,,,,
Keyword,Add,,[Search] Curso Presencial Lisboa | PT,,,,,,,,,,,Afinação / Regulação de Suspensão,,Enabled,regulação de suspensão de mota,Phrase match,,,,,,,,,,,,,,,,,,,,,,,,,,
Keyword,Add,,[Search] Curso Presencial Lisboa | PT,,,,,,,,,,,Afinação / Regulação de Suspensão,,Enabled,regulação de suspensão de mota,Exact match,,,,,,,,,,,,,,,,,,,,,,,,,,
Keyword,Add,,[Search] Curso Presencial Lisboa | PT,,,,,,,,,,,Afinação / Regulação de Suspensão,,Enabled,curso de afinação de suspensões,Phrase match,,,,,,,,,,,,,,,,,,,,,,,,,,
Keyword,Add,,[Search] Curso Presencial Lisboa | PT,,,,,,,,,,,Afinação / Regulação de Suspensão,,Enabled,curso de afinação de suspensões,Exact match,,,,,,,,,,,,,,,,,,,,,,,,,,
Keyword,Add,,[Search] Curso Presencial Lisboa | PT,,,,,,,,,,,Afinação / Regulação de Suspensão,,Enabled,curso de mecânica de motas suspensão,Phrase match,,,,,,,,,,,,,,,,,,,,,,,,,,
Keyword,Add,,[Search] Curso Presencial Lisboa | PT,,,,,,,,,,,Afinação / Regulação de Suspensão,,Enabled,curso de mecânica de motas suspensão,Exact match,,,,,,,,,,,,,,,,,,,,,,,,,,
Keyword,Add,,[Search] Curso Presencial Lisboa | PT,,,,,,,,,,,Afinação / Regulação de Suspensão,,Enabled,como afinar a suspensão da mota,Phrase match,,,,,,,,,,,,,,,,,,,,,,,,,,
Keyword,Add,,[Search] Curso Presencial Lisboa | PT,,,,,,,,,,,Afinação / Regulação de Suspensão,,Enabled,como afinar a suspensão da mota,Exact match,,,,,,,,,,,,,,,,,,,,,,,,,,
Keyword,Add,,[Search] Curso Presencial Lisboa | PT,,,,,,,,,,,Afinação / Regulação de Suspensão,,Enabled,curso de suspensões para motas,Phrase match,,,,,,,,,,,,,,,,,,,,,,,,,,
Keyword,Add,,[Search] Curso Presencial Lisboa | PT,,,,,,,,,,,Afinação / Regulação de Suspensão,,Enabled,curso de suspensões para motas,Exact match,,,,,,,,,,,,,,,,,,,,,,,,,,
Keyword,Add,,[Search] Curso Presencial Lisboa | PT,,,,,,,,,,,Afinação / Regulação de Suspensão,,Enabled,afinação de suspensões curso,Phrase match,,,,,,,,,,,,,,,,,,,,,,,,,,
Keyword,Add,,[Search] Curso Presencial Lisboa | PT,,,,,,,,,,,Afinação / Regulação de Suspensão,,Enabled,afinação de suspensões curso,Exact match,,,,,,,,,,,,,,,,,,,,,,,,,,
Keyword,Add,,[Search] Curso Presencial Lisboa | PT,,,,,,,,,,,Afinação / Regulação de Suspensão,,Enabled,curso de regulação de suspensões mota,Phrase match,,,,,,,,,,,,,,,,,,,,,,,,,,
Keyword,Add,,[Search] Curso Presencial Lisboa | PT,,,,,,,,,,,Afinação / Regulação de Suspensão,,Enabled,curso de regulação de suspensões mota,Exact match,,,,,,,,,,,,,,,,,,,,,,,,,,
Ad group,Add,,[Search] Curso Presencial Lisboa | PT,,,,,,,,,,Enabled,Marca / Evento W-Tech Lisboa,Standard,,,,,,,,,,,,,,,,,,,,,,,,,,,,,
Keyword,Add,,[Search] Curso Presencial Lisboa | PT,,,,,,,,,,,Marca / Evento W-Tech Lisboa,,Enabled,w-tech lisboa curso,Phrase match,,,,,,,,,,,,,,,,,,,,,,,,,,
Keyword,Add,,[Search] Curso Presencial Lisboa | PT,,,,,,,,,,,Marca / Evento W-Tech Lisboa,,Enabled,w-tech lisboa curso,Exact match,,,,,,,,,,,,,,,,,,,,,,,,,,
Keyword,Add,,[Search] Curso Presencial Lisboa | PT,,,,,,,,,,,Marca / Evento W-Tech Lisboa,,Enabled,curso w-tech portugal,Phrase match,,,,,,,,,,,,,,,,,,,,,,,,,,
Keyword,Add,,[Search] Curso Presencial Lisboa | PT,,,,,,,,,,,Marca / Evento W-Tech Lisboa,,Enabled,curso w-tech portugal,Exact match,,,,,,,,,,,,,,,,,,,,,,,,,,
Keyword,Add,,[Search] Curso Presencial Lisboa | PT,,,,,,,,,,,Marca / Evento W-Tech Lisboa,,Enabled,alex crepaldi lisboa,Phrase match,,,,,,,,,,,,,,,,,,,,,,,,,,
Keyword,Add,,[Search] Curso Presencial Lisboa | PT,,,,,,,,,,,Marca / Evento W-Tech Lisboa,,Enabled,alex crepaldi lisboa,Exact match,,,,,,,,,,,,,,,,,,,,,,,,,,
Keyword,Add,,[Search] Curso Presencial Lisboa | PT,,,,,,,,,,,Marca / Evento W-Tech Lisboa,,Enabled,formação w-tech suspensões,Phrase match,,,,,,,,,,,,,,,,,,,,,,,,,,
Keyword,Add,,[Search] Curso Presencial Lisboa | PT,,,,,,,,,,,Marca / Evento W-Tech Lisboa,,Enabled,formação w-tech suspensões,Exact match,,,,,,,,,,,,,,,,,,,,,,,,,,
Keyword,Add,,[Search] Curso Presencial Lisboa | PT,,,,,,,,,,,Marca / Evento W-Tech Lisboa,,Enabled,w-tech europa curso,Phrase match,,,,,,,,,,,,,,,,,,,,,,,,,,
Keyword,Add,,[Search] Curso Presencial Lisboa | PT,,,,,,,,,,,Marca / Evento W-Tech Lisboa,,Enabled,w-tech europa curso,Exact match,,,,,,,,,,,,,,,,,,,,,,,,,,
Keyword,Add,,[Search] Curso Presencial Lisboa | PT,,,,,,,,,,,Marca / Evento W-Tech Lisboa,,Enabled,curso wtech sintra,Phrase match,,,,,,,,,,,,,,,,,,,,,,,,,,
Keyword,Add,,[Search] Curso Presencial Lisboa | PT,,,,,,,,,,,Marca / Evento W-Tech Lisboa,,Enabled,curso wtech sintra,Exact match,,,,,,,,,,,,,,,,,,,,,,,,,,
Keyword,Add,,[Search] Curso Presencial Lisboa | PT,,,,,,,,,,,Marca / Evento W-Tech Lisboa,,Enabled,w-tech lisboa 2ª edição,Phrase match,,,,,,,,,,,,,,,,,,,,,,,,,,
Keyword,Add,,[Search] Curso Presencial Lisboa | PT,,,,,,,,,,,Marca / Evento W-Tech Lisboa,,Enabled,w-tech lisboa 2ª edição,Exact match,,,,,,,,,,,,,,,,,,,,,,,,,,
Keyword,Add,,[Search] Curso Presencial Lisboa | PT,,,,,,,,,,,Marca / Evento W-Tech Lisboa,,Enabled,wtech suspensões portugal,Phrase match,,,,,,,,,,,,,,,,,,,,,,,,,,
Keyword,Add,,[Search] Curso Presencial Lisboa | PT,,,,,,,,,,,Marca / Evento W-Tech Lisboa,,Enabled,wtech suspensões portugal,Exact match,,,,,,,,,,,,,,,,,,,,,,,,,,
Ad group,Add,,[Search] Curso Presencial Lisboa | PT,,,,,,,,,,Enabled,Mecânico / Oficina Portugal,Standard,,,,,,,,,,,,,,,,,,,,,,,,,,,,,
Keyword,Add,,[Search] Curso Presencial Lisboa | PT,,,,,,,,,,,Mecânico / Oficina Portugal,,Enabled,curso para mecânico de motas,Phrase match,,,,,,,,,,,,,,,,,,,,,,,,,,
Keyword,Add,,[Search] Curso Presencial Lisboa | PT,,,,,,,,,,,Mecânico / Oficina Portugal,,Enabled,curso para mecânico de motas,Exact match,,,,,,,,,,,,,,,,,,,,,,,,,,
Keyword,Add,,[Search] Curso Presencial Lisboa | PT,,,,,,,,,,,Mecânico / Oficina Portugal,,Enabled,curso técnico suspensão motas,Phrase match,,,,,,,,,,,,,,,,,,,,,,,,,,
Keyword,Add,,[Search] Curso Presencial Lisboa | PT,,,,,,,,,,,Mecânico / Oficina Portugal,,Enabled,curso técnico suspensão motas,Exact match,,,,,,,,,,,,,,,,,,,,,,,,,,
Keyword,Add,,[Search] Curso Presencial Lisboa | PT,,,,,,,,,,,Mecânico / Oficina Portugal,,Enabled,curso de revalvulação suspensão portugal,Phrase match,,,,,,,,,,,,,,,,,,,,,,,,,,
Keyword,Add,,[Search] Curso Presencial Lisboa | PT,,,,,,,,,,,Mecânico / Oficina Portugal,,Enabled,curso de revalvulação suspensão portugal,Exact match,,,,,,,,,,,,,,,,,,,,,,,,,,
Keyword,Add,,[Search] Curso Presencial Lisboa | PT,,,,,,,,,,,Mecânico / Oficina Portugal,,Enabled,formação profissional motas portugal,Phrase match,,,,,,,,,,,,,,,,,,,,,,,,,,
Keyword,Add,,[Search] Curso Presencial Lisboa | PT,,,,,,,,,,,Mecânico / Oficina Portugal,,Enabled,formação profissional motas portugal,Exact match,,,,,,,,,,,,,,,,,,,,,,,,,,
Keyword,Add,,[Search] Curso Presencial Lisboa | PT,,,,,,,,,,,Mecânico / Oficina Portugal,,Enabled,curso de mecânica de motas portugal,Phrase match,,,,,,,,,,,,,,,,,,,,,,,,,,
Keyword,Add,,[Search] Curso Presencial Lisboa | PT,,,,,,,,,,,Mecânico / Oficina Portugal,,Enabled,curso de mecânica de motas portugal,Exact match,,,,,,,,,,,,,,,,,,,,,,,,,,
Keyword,Add,,[Search] Curso Presencial Lisboa | PT,,,,,,,,,,,Mecânico / Oficina Portugal,,Enabled,curso profissional suspensões motas,Phrase match,,,,,,,,,,,,,,,,,,,,,,,,,,
Keyword,Add,,[Search] Curso Presencial Lisboa | PT,,,,,,,,,,,Mecânico / Oficina Portugal,,Enabled,curso profissional suspensões motas,Exact match,,,,,,,,,,,,,,,,,,,,,,,,,,
Keyword,Add,,[Search] Curso Presencial Lisboa | PT,,,,,,,,,,,Mecânico / Oficina Portugal,,Enabled,formação técnica suspensões motas,Phrase match,,,,,,,,,,,,,,,,,,,,,,,,,,
Keyword,Add,,[Search] Curso Presencial Lisboa | PT,,,,,,,,,,,Mecânico / Oficina Portugal,,Enabled,formação técnica suspensões motas,Exact match,,,,,,,,,,,,,,,,,,,,,,,,,,
Keyword,Add,,[Search] Curso Presencial Lisboa | PT,,,,,,,,,,,Mecânico / Oficina Portugal,,Enabled,curso de oficina de motas suspensão,Phrase match,,,,,,,,,,,,,,,,,,,,,,,,,,
Keyword,Add,,[Search] Curso Presencial Lisboa | PT,,,,,,,,,,,Mecânico / Oficina Portugal,,Enabled,curso de oficina de motas suspensão,Exact match,,,,,,,,,,,,,,,,,,,,,,,,,,
Ad group,Add,,[Search] Cursos Presenciais | BR,,,,,,,,,,Enabled,Curso Presencial de Suspensão,Standard,,,,,,,,,,,,,,,,,,,,,,,,,,,,,
Keyword,Add,,[Search] Cursos Presenciais | BR,,,,,,,,,,,Curso Presencial de Suspensão,,Enabled,curso presencial de suspensão de moto,Phrase match,,,,,,,,,,,,,,,,,,,,,,,,,,
Keyword,Add,,[Search] Cursos Presenciais | BR,,,,,,,,,,,Curso Presencial de Suspensão,,Enabled,curso presencial de suspensão de moto,Exact match,,,,,,,,,,,,,,,,,,,,,,,,,,
Keyword,Add,,[Search] Cursos Presenciais | BR,,,,,,,,,,,Curso Presencial de Suspensão,,Enabled,curso presencial de regulagem de suspensão,Phrase match,,,,,,,,,,,,,,,,,,,,,,,,,,
Keyword,Add,,[Search] Cursos Presenciais | BR,,,,,,,,,,,Curso Presencial de Suspensão,,Enabled,curso presencial de regulagem de suspensão,Exact match,,,,,,,,,,,,,,,,,,,,,,,,,,
Keyword,Add,,[Search] Cursos Presenciais | BR,,,,,,,,,,,Curso Presencial de Suspensão,,Enabled,curso prático de suspensão de moto,Phrase match,,,,,,,,,,,,,,,,,,,,,,,,,,
Keyword,Add,,[Search] Cursos Presenciais | BR,,,,,,,,,,,Curso Presencial de Suspensão,,Enabled,curso prático de suspensão de moto,Exact match,,,,,,,,,,,,,,,,,,,,,,,,,,
Keyword,Add,,[Search] Cursos Presenciais | BR,,,,,,,,,,,Curso Presencial de Suspensão,,Enabled,imersão em suspensão de moto,Phrase match,,,,,,,,,,,,,,,,,,,,,,,,,,
Keyword,Add,,[Search] Cursos Presenciais | BR,,,,,,,,,,,Curso Presencial de Suspensão,,Enabled,imersão em suspensão de moto,Exact match,,,,,,,,,,,,,,,,,,,,,,,,,,
Keyword,Add,,[Search] Cursos Presenciais | BR,,,,,,,,,,,Curso Presencial de Suspensão,,Enabled,curso presencial de sag e suspensão,Phrase match,,,,,,,,,,,,,,,,,,,,,,,,,,
Keyword,Add,,[Search] Cursos Presenciais | BR,,,,,,,,,,,Curso Presencial de Suspensão,,Enabled,curso presencial de sag e suspensão,Exact match,,,,,,,,,,,,,,,,,,,,,,,,,,
Keyword,Add,,[Search] Cursos Presenciais | BR,,,,,,,,,,,Curso Presencial de Suspensão,,Enabled,curso presencial de mecânica de suspensão,Phrase match,,,,,,,,,,,,,,,,,,,,,,,,,,
Keyword,Add,,[Search] Cursos Presenciais | BR,,,,,,,,,,,Curso Presencial de Suspensão,,Enabled,curso presencial de mecânica de suspensão,Exact match,,,,,,,,,,,,,,,,,,,,,,,,,,
Keyword,Add,,[Search] Cursos Presenciais | BR,,,,,,,,,,,Curso Presencial de Suspensão,,Enabled,workshop de suspensão de moto,Phrase match,,,,,,,,,,,,,,,,,,,,,,,,,,
Keyword,Add,,[Search] Cursos Presenciais | BR,,,,,,,,,,,Curso Presencial de Suspensão,,Enabled,workshop de suspensão de moto,Exact match,,,,,,,,,,,,,,,,,,,,,,,,,,
Keyword,Add,,[Search] Cursos Presenciais | BR,,,,,,,,,,,Curso Presencial de Suspensão,,Enabled,curso presencial w-tech,Phrase match,,,,,,,,,,,,,,,,,,,,,,,,,,
Keyword,Add,,[Search] Cursos Presenciais | BR,,,,,,,,,,,Curso Presencial de Suspensão,,Enabled,curso presencial w-tech,Exact match,,,,,,,,,,,,,,,,,,,,,,,,,,
Keyword,Add,,[Search] Cursos Presenciais | BR,,,,,,,,,,,Curso Presencial de Suspensão,,Enabled,curso de fim de semana suspensão moto,Phrase match,,,,,,,,,,,,,,,,,,,,,,,,,,
Keyword,Add,,[Search] Cursos Presenciais | BR,,,,,,,,,,,Curso Presencial de Suspensão,,Enabled,curso de fim de semana suspensão moto,Exact match,,,,,,,,,,,,,,,,,,,,,,,,,,
Ad group,Add,,[Search] Cursos Presenciais | BR,,,,,,,,,,Enabled,Mecânico / Oficina / Profissionalização,Standard,,,,,,,,,,,,,,,,,,,,,,,,,,,,,
Keyword,Add,,[Search] Cursos Presenciais | BR,,,,,,,,,,,Mecânico / Oficina / Profissionalização,,Enabled,curso profissionalizante de suspensão,Phrase match,,,,,,,,,,,,,,,,,,,,,,,,,,
Keyword,Add,,[Search] Cursos Presenciais | BR,,,,,,,,,,,Mecânico / Oficina / Profissionalização,,Enabled,curso profissionalizante de suspensão,Exact match,,,,,,,,,,,,,,,,,,,,,,,,,,
Keyword,Add,,[Search] Cursos Presenciais | BR,,,,,,,,,,,Mecânico / Oficina / Profissionalização,,Enabled,curso de especialização em suspensão de moto,Phrase match,,,,,,,,,,,,,,,,,,,,,,,,,,
Keyword,Add,,[Search] Cursos Presenciais | BR,,,,,,,,,,,Mecânico / Oficina / Profissionalização,,Enabled,curso de especialização em suspensão de moto,Exact match,,,,,,,,,,,,,,,,,,,,,,,,,,
Keyword,Add,,[Search] Cursos Presenciais | BR,,,,,,,,,,,Mecânico / Oficina / Profissionalização,,Enabled,curso de revalvulação presencial,Phrase match,,,,,,,,,,,,,,,,,,,,,,,,,,
Keyword,Add,,[Search] Cursos Presenciais | BR,,,,,,,,,,,Mecânico / Oficina / Profissionalização,,Enabled,curso de revalvulação presencial,Exact match,,,,,,,,,,,,,,,,,,,,,,,,,,
Keyword,Add,,[Search] Cursos Presenciais | BR,,,,,,,,,,,Mecânico / Oficina / Profissionalização,,Enabled,curso para abrir oficina de suspensão,Phrase match,,,,,,,,,,,,,,,,,,,,,,,,,,
Keyword,Add,,[Search] Cursos Presenciais | BR,,,,,,,,,,,Mecânico / Oficina / Profissionalização,,Enabled,curso para abrir oficina de suspensão,Exact match,,,,,,,,,,,,,,,,,,,,,,,,,,
Keyword,Add,,[Search] Cursos Presenciais | BR,,,,,,,,,,,Mecânico / Oficina / Profissionalização,,Enabled,curso técnico presencial de suspensão,Phrase match,,,,,,,,,,,,,,,,,,,,,,,,,,
Keyword,Add,,[Search] Cursos Presenciais | BR,,,,,,,,,,,Mecânico / Oficina / Profissionalização,,Enabled,curso técnico presencial de suspensão,Exact match,,,,,,,,,,,,,,,,,,,,,,,,,,
Keyword,Add,,[Search] Cursos Presenciais | BR,,,,,,,,,,,Mecânico / Oficina / Profissionalização,,Enabled,curso de preparação de suspensão presencial,Phrase match,,,,,,,,,,,,,,,,,,,,,,,,,,
Keyword,Add,,[Search] Cursos Presenciais | BR,,,,,,,,,,,Mecânico / Oficina / Profissionalização,,Enabled,curso de preparação de suspensão presencial,Exact match,,,,,,,,,,,,,,,,,,,,,,,,,,
Keyword,Add,,[Search] Cursos Presenciais | BR,,,,,,,,,,,Mecânico / Oficina / Profissionalização,,Enabled,curso presencial para mecânico de moto,Phrase match,,,,,,,,,,,,,,,,,,,,,,,,,,
Keyword,Add,,[Search] Cursos Presenciais | BR,,,,,,,,,,,Mecânico / Oficina / Profissionalização,,Enabled,curso presencial para mecânico de moto,Exact match,,,,,,,,,,,,,,,,,,,,,,,,,,
Keyword,Add,,[Search] Cursos Presenciais | BR,,,,,,,,,,,Mecânico / Oficina / Profissionalização,,Enabled,curso de suspensão para donos de oficina,Phrase match,,,,,,,,,,,,,,,,,,,,,,,,,,
Keyword,Add,,[Search] Cursos Presenciais | BR,,,,,,,,,,,Mecânico / Oficina / Profissionalização,,Enabled,curso de suspensão para donos de oficina,Exact match,,,,,,,,,,,,,,,,,,,,,,,,,,
Ad group,Add,,[Search] Cursos Presenciais | BR,,,,,,,,,,Enabled,Marca / Agenda de Turmas,Standard,,,,,,,,,,,,,,,,,,,,,,,,,,,,,
Keyword,Add,,[Search] Cursos Presenciais | BR,,,,,,,,,,,Marca / Agenda de Turmas,,Enabled,cursos w-tech brasil,Phrase match,,,,,,,,,,,,,,,,,,,,,,,,,,
Keyword,Add,,[Search] Cursos Presenciais | BR,,,,,,,,,,,Marca / Agenda de Turmas,,Enabled,cursos w-tech brasil,Exact match,,,,,,,,,,,,,,,,,,,,,,,,,,
Keyword,Add,,[Search] Cursos Presenciais | BR,,,,,,,,,,,Marca / Agenda de Turmas,,Enabled,agenda de cursos w-tech,Phrase match,,,,,,,,,,,,,,,,,,,,,,,,,,
Keyword,Add,,[Search] Cursos Presenciais | BR,,,,,,,,,,,Marca / Agenda de Turmas,,Enabled,agenda de cursos w-tech,Exact match,,,,,,,,,,,,,,,,,,,,,,,,,,
Keyword,Add,,[Search] Cursos Presenciais | BR,,,,,,,,,,,Marca / Agenda de Turmas,,Enabled,turmas w-tech suspensão,Phrase match,,,,,,,,,,,,,,,,,,,,,,,,,,
Keyword,Add,,[Search] Cursos Presenciais | BR,,,,,,,,,,,Marca / Agenda de Turmas,,Enabled,turmas w-tech suspensão,Exact match,,,,,,,,,,,,,,,,,,,,,,,,,,
Keyword,Add,,[Search] Cursos Presenciais | BR,,,,,,,,,,,Marca / Agenda de Turmas,,Enabled,w-tech curso presencial,Phrase match,,,,,,,,,,,,,,,,,,,,,,,,,,
Keyword,Add,,[Search] Cursos Presenciais | BR,,,,,,,,,,,Marca / Agenda de Turmas,,Enabled,w-tech curso presencial,Exact match,,,,,,,,,,,,,,,,,,,,,,,,,,
Keyword,Add,,[Search] Cursos Presenciais | BR,,,,,,,,,,,Marca / Agenda de Turmas,,Enabled,próximas turmas w-tech,Phrase match,,,,,,,,,,,,,,,,,,,,,,,,,,
Keyword,Add,,[Search] Cursos Presenciais | BR,,,,,,,,,,,Marca / Agenda de Turmas,,Enabled,próximas turmas w-tech,Exact match,,,,,,,,,,,,,,,,,,,,,,,,,,
Keyword,Add,,[Search] Cursos Presenciais | BR,,,,,,,,,,,Marca / Agenda de Turmas,,Enabled,cursos wtech brasil presencial,Phrase match,,,,,,,,,,,,,,,,,,,,,,,,,,
Keyword,Add,,[Search] Cursos Presenciais | BR,,,,,,,,,,,Marca / Agenda de Turmas,,Enabled,cursos wtech brasil presencial,Exact match,,,,,,,,,,,,,,,,,,,,,,,,,,
Keyword,Add,,[Search] Cursos Presenciais | BR,,,,,,,,,,,Marca / Agenda de Turmas,,Enabled,calendário de cursos w-tech,Phrase match,,,,,,,,,,,,,,,,,,,,,,,,,,
Keyword,Add,,[Search] Cursos Presenciais | BR,,,,,,,,,,,Marca / Agenda de Turmas,,Enabled,calendário de cursos w-tech,Exact match,,,,,,,,,,,,,,,,,,,,,,,,,,
Keyword,Add,,[Search] Cursos Presenciais | BR,,,,,,,,,,,Marca / Agenda de Turmas,,Enabled,alex crepaldi curso presencial,Phrase match,,,,,,,,,,,,,,,,,,,,,,,,,,
Keyword,Add,,[Search] Cursos Presenciais | BR,,,,,,,,,,,Marca / Agenda de Turmas,,Enabled,alex crepaldi curso presencial,Exact match,,,,,,,,,,,,,,,,,,,,,,,,,,
Ad group,Add,,[Search] Cursos Presenciais | BR,,,,,,,,,,Enabled,Trilha / Enduro / Motocross Presencial,Standard,,,,,,,,,,,,,,,,,,,,,,,,,,,,,
Keyword,Add,,[Search] Cursos Presenciais | BR,,,,,,,,,,,Trilha / Enduro / Motocross Presencial,,Enabled,curso presencial de suspensão enduro,Phrase match,,,,,,,,,,,,,,,,,,,,,,,,,,
Keyword,Add,,[Search] Cursos Presenciais | BR,,,,,,,,,,,Trilha / Enduro / Motocross Presencial,,Enabled,curso presencial de suspensão enduro,Exact match,,,,,,,,,,,,,,,,,,,,,,,,,,
Keyword,Add,,[Search] Cursos Presenciais | BR,,,,,,,,,,,Trilha / Enduro / Motocross Presencial,,Enabled,curso presencial de suspensão motocross,Phrase match,,,,,,,,,,,,,,,,,,,,,,,,,,
Keyword,Add,,[Search] Cursos Presenciais | BR,,,,,,,,,,,Trilha / Enduro / Motocross Presencial,,Enabled,curso presencial de suspensão motocross,Exact match,,,,,,,,,,,,,,,,,,,,,,,,,,
Keyword,Add,,[Search] Cursos Presenciais | BR,,,,,,,,,,,Trilha / Enduro / Motocross Presencial,,Enabled,curso presencial de suspensão off road,Phrase match,,,,,,,,,,,,,,,,,,,,,,,,,,
Keyword,Add,,[Search] Cursos Presenciais | BR,,,,,,,,,,,Trilha / Enduro / Motocross Presencial,,Enabled,curso presencial de suspensão off road,Exact match,,,,,,,,,,,,,,,,,,,,,,,,,,
Keyword,Add,,[Search] Cursos Presenciais | BR,,,,,,,,,,,Trilha / Enduro / Motocross Presencial,,Enabled,curso presencial de suspensão trilha,Phrase match,,,,,,,,,,,,,,,,,,,,,,,,,,
Keyword,Add,,[Search] Cursos Presenciais | BR,,,,,,,,,,,Trilha / Enduro / Motocross Presencial,,Enabled,curso presencial de suspensão trilha,Exact match,,,,,,,,,,,,,,,,,,,,,,,,,,
Keyword,Add,,[Search] Cursos Presenciais | BR,,,,,,,,,,,Trilha / Enduro / Motocross Presencial,,Enabled,workshop de suspensão off road,Phrase match,,,,,,,,,,,,,,,,,,,,,,,,,,
Keyword,Add,,[Search] Cursos Presenciais | BR,,,,,,,,,,,Trilha / Enduro / Motocross Presencial,,Enabled,workshop de suspensão off road,Exact match,,,,,,,,,,,,,,,,,,,,,,,,,,
Keyword,Add,,[Search] Cursos Presenciais | BR,,,,,,,,,,,Trilha / Enduro / Motocross Presencial,,Enabled,curso presencial de preparação off road,Phrase match,,,,,,,,,,,,,,,,,,,,,,,,,,
Keyword,Add,,[Search] Cursos Presenciais | BR,,,,,,,,,,,Trilha / Enduro / Motocross Presencial,,Enabled,curso presencial de preparação off road,Exact match,,,,,,,,,,,,,,,,,,,,,,,,,,
Keyword,Add,,[Search] Cursos Presenciais | BR,,,,,,,,,,,Trilha / Enduro / Motocross Presencial,,Enabled,imersão suspensão enduro e motocross,Phrase match,,,,,,,,,,,,,,,,,,,,,,,,,,
Keyword,Add,,[Search] Cursos Presenciais | BR,,,,,,,,,,,Trilha / Enduro / Motocross Presencial,,Enabled,imersão suspensão enduro e motocross,Exact match,,,,,,,,,,,,,,,,,,,,,,,,,,
Keyword,Add,,[Search] Cursos Presenciais | BR,,,,,,,,,,,Trilha / Enduro / Motocross Presencial,,Enabled,curso presencial para pilotos de trilha,Phrase match,,,,,,,,,,,,,,,,,,,,,,,,,,
Keyword,Add,,[Search] Cursos Presenciais | BR,,,,,,,,,,,Trilha / Enduro / Motocross Presencial,,Enabled,curso presencial para pilotos de trilha,Exact match,,,,,,,,,,,,,,,,,,,,,,,,,,
Negative keyword,Add,,[Search] Curso Online Piloto | BR,,,,,,,,,,,,,,,Phrase match,Campaign,grátis,,,,,,,,,,,,,,,,,,,,,,,,
Negative keyword,Add,,[Search] Curso Online Piloto | BR,,,,,,,,,,,,,,,Phrase match,Campaign,gratuito,,,,,,,,,,,,,,,,,,,,,,,,
Negative keyword,Add,,[Search] Curso Online Piloto | BR,,,,,,,,,,,,,,,Phrase match,Campaign,gratuita,,,,,,,,,,,,,,,,,,,,,,,,
Negative keyword,Add,,[Search] Curso Online Piloto | BR,,,,,,,,,,,,,,,Phrase match,Campaign,de graça,,,,,,,,,,,,,,,,,,,,,,,,
Negative keyword,Add,,[Search] Curso Online Piloto | BR,,,,,,,,,,,,,,,Phrase match,Campaign,pdf,,,,,,,,,,,,,,,,,,,,,,,,
Negative keyword,Add,,[Search] Curso Online Piloto | BR,,,,,,,,,,,,,,,Phrase match,Campaign,download,,,,,,,,,,,,,,,,,,,,,,,,
Negative keyword,Add,,[Search] Curso Online Piloto | BR,,,,,,,,,,,,,,,Phrase match,Campaign,ebook,,,,,,,,,,,,,,,,,,,,,,,,
Negative keyword,Add,,[Search] Curso Online Piloto | BR,,,,,,,,,,,,,,,Phrase match,Campaign,manual pdf,,,,,,,,,,,,,,,,,,,,,,,,
Negative keyword,Add,,[Search] Curso Online Piloto | BR,,,,,,,,,,,,,,,Phrase match,Campaign,apostila pdf,,,,,,,,,,,,,,,,,,,,,,,,
Negative keyword,Add,,[Search] Curso Online Piloto | BR,,,,,,,,,,,,,,,Phrase match,Campaign,curso gratuito,,,,,,,,,,,,,,,,,,,,,,,,
Negative keyword,Add,,[Search] Curso Online Piloto | BR,,,,,,,,,,,,,,,Phrase match,Campaign,emprego,,,,,,,,,,,,,,,,,,,,,,,,
Negative keyword,Add,,[Search] Curso Online Piloto | BR,,,,,,,,,,,,,,,Phrase match,Campaign,vaga de emprego,,,,,,,,,,,,,,,,,,,,,,,,
Negative keyword,Add,,[Search] Curso Online Piloto | BR,,,,,,,,,,,,,,,Phrase match,Campaign,vagas de emprego,,,,,,,,,,,,,,,,,,,,,,,,
Negative keyword,Add,,[Search] Curso Online Piloto | BR,,,,,,,,,,,,,,,Phrase match,Campaign,trabalho,,,,,,,,,,,,,,,,,,,,,,,,
Negative keyword,Add,,[Search] Curso Online Piloto | BR,,,,,,,,,,,,,,,Phrase match,Campaign,salário,,,,,,,,,,,,,,,,,,,,,,,,
Negative keyword,Add,,[Search] Curso Online Piloto | BR,,,,,,,,,,,,,,,Phrase match,Campaign,currículo,,,,,,,,,,,,,,,,,,,,,,,,
Negative keyword,Add,,[Search] Curso Online Piloto | BR,,,,,,,,,,,,,,,Phrase match,Campaign,contratando,,,,,,,,,,,,,,,,,,,,,,,,
Negative keyword,Add,,[Search] Curso Online Piloto | BR,,,,,,,,,,,,,,,Phrase match,Campaign,contrata-se,,,,,,,,,,,,,,,,,,,,,,,,
Negative keyword,Add,,[Search] Curso Online Piloto | BR,,,,,,,,,,,,,,,Phrase match,Campaign,estágio,,,,,,,,,,,,,,,,,,,,,,,,
Negative keyword,Add,,[Search] Curso Online Piloto | BR,,,,,,,,,,,,,,,Phrase match,Campaign,carro,,,,,,,,,,,,,,,,,,,,,,,,
Negative keyword,Add,,[Search] Curso Online Piloto | BR,,,,,,,,,,,,,,,Phrase match,Campaign,automóvel,,,,,,,,,,,,,,,,,,,,,,,,
Negative keyword,Add,,[Search] Curso Online Piloto | BR,,,,,,,,,,,,,,,Phrase match,Campaign,caminhão,,,,,,,,,,,,,,,,,,,,,,,,
Negative keyword,Add,,[Search] Curso Online Piloto | BR,,,,,,,,,,,,,,,Phrase match,Campaign,ônibus,,,,,,,,,,,,,,,,,,,,,,,,
Negative keyword,Add,,[Search] Curso Online Piloto | BR,,,,,,,,,,,,,,,Phrase match,Campaign,bicicleta,,,,,,,,,,,,,,,,,,,,,,,,
Negative keyword,Add,,[Search] Curso Online Piloto | BR,,,,,,,,,,,,,,,Phrase match,Campaign,bike,,,,,,,,,,,,,,,,,,,,,,,,
Negative keyword,Add,,[Search] Curso Online Piloto | BR,,,,,,,,,,,,,,,Phrase match,Campaign,patinete,,,,,,,,,,,,,,,,,,,,,,,,
Negative keyword,Add,,[Search] Curso Online Piloto | BR,,,,,,,,,,,,,,,Phrase match,Campaign,suspensão de carro,,,,,,,,,,,,,,,,,,,,,,,,
Negative keyword,Add,,[Search] Curso Online Piloto | BR,,,,,,,,,,,,,,,Phrase match,Campaign,suspensão automotiva carro,,,,,,,,,,,,,,,,,,,,,,,,
Negative keyword,Add,,[Search] Curso Online Piloto | BR,,,,,,,,,,,,,,,Phrase match,Campaign,comprar amortecedor,,,,,,,,,,,,,,,,,,,,,,,,
Negative keyword,Add,,[Search] Curso Online Piloto | BR,,,,,,,,,,,,,,,Phrase match,Campaign,preço de amortecedor,,,,,,,,,,,,,,,,,,,,,,,,
Negative keyword,Add,,[Search] Curso Online Piloto | BR,,,,,,,,,,,,,,,Phrase match,Campaign,peça de suspensão preço,,,,,,,,,,,,,,,,,,,,,,,,
Negative keyword,Add,,[Search] Curso Online Piloto | BR,,,,,,,,,,,,,,,Phrase match,Campaign,revenda de suspensão,,,,,,,,,,,,,,,,,,,,,,,,
Negative keyword,Add,,[Search] Curso Online Piloto | BR,,,,,,,,,,,,,,,Phrase match,Campaign,youtube,,,,,,,,,,,,,,,,,,,,,,,,
Negative keyword,Add,,[Search] Curso Online Piloto | BR,,,,,,,,,,,,,,,Phrase match,Campaign,jogo,,,,,,,,,,,,,,,,,,,,,,,,
Negative keyword,Add,,[Search] Curso Online Piloto | BR,,,,,,,,,,,,,,,Phrase match,Campaign,game,,,,,,,,,,,,,,,,,,,,,,,,
Negative keyword,Add,,[Search] Curso Online Piloto | BR,,,,,,,,,,,,,,,Phrase match,Campaign,hot wheels,,,,,,,,,,,,,,,,,,,,,,,,
Negative keyword,Add,,[Search] Curso Online Piloto | BR,,,,,,,,,,,,,,,Phrase match,Campaign,grau de moto,,,,,,,,,,,,,,,,,,,,,,,,
Negative keyword,Add,,[Search] Curso Online Piloto | BR,,,,,,,,,,,,,,,Phrase match,Campaign,som automotivo,,,,,,,,,,,,,,,,,,,,,,,,
Negative keyword,Add,,[Search] Curso Online Piloto | BR,,,,,,,,,,,,,,,Phrase match,Campaign,curso de mecânica de carro,,,,,,,,,,,,,,,,,,,,,,,,
Negative keyword,Add,,[Search] Curso Online Piloto | BR,,,,,,,,,,,,,,,Phrase match,Campaign,curso de elétrica automotiva,,,,,,,,,,,,,,,,,,,,,,,,
Negative keyword,Add,,[Search] Curso Online Piloto | BR,,,,,,,,,,,,,,,Phrase match,Campaign,curso de motor,,,,,,,,,,,,,,,,,,,,,,,,
Negative keyword,Add,,[Search] Curso Online Piloto | BR,,,,,,,,,,,,,,,Phrase match,Campaign,curso de injeção eletrônica,,,,,,,,,,,,,,,,,,,,,,,,
Negative keyword,Add,,[Search] Curso Online Piloto | BR,,,,,,,,,,,,,,,Phrase match,Campaign,reclame aqui,,,,,,,,,,,,,,,,,,,,,,,,
Negative keyword,Add,,[Search] Curso Online Piloto | BR,,,,,,,,,,,,,,,Phrase match,Campaign,golpe,,,,,,,,,,,,,,,,,,,,,,,,
Negative keyword,Add,,[Search] Curso Online Piloto | BR,,,,,,,,,,,,,,,Phrase match,Campaign,é confiável,,,,,,,,,,,,,,,,,,,,,,,,
Negative keyword,Add,,[Search] Curso Online Piloto | BR,,,,,,,,,,,,,,,Phrase match,Campaign,cupom,,,,,,,,,,,,,,,,,,,,,,,,
Negative keyword,Add,,[Search] Curso Online Piloto | BR,,,,,,,,,,,,,,,Phrase match,Campaign,cupom de desconto,,,,,,,,,,,,,,,,,,,,,,,,
Negative keyword,Add,,[Search] Curso Online Piloto | BR,,,,,,,,,,,,,,,Phrase match,Campaign,curso presencial,,,,,,,,,,,,,,,,,,,,,,,,
Negative keyword,Add,,[Search] Curso Online Piloto | BR,,,,,,,,,,,,,,,Phrase match,Campaign,turma presencial,,,,,,,,,,,,,,,,,,,,,,,,
Negative keyword,Add,,[Search] Curso Online Piloto | BR,,,,,,,,,,,,,,,Phrase match,Campaign,imersão presencial,,,,,,,,,,,,,,,,,,,,,,,,
Negative keyword,Add,,[Search] Curso Online Piloto | BR,,,,,,,,,,,,,,,Phrase match,Campaign,evento presencial,,,,,,,,,,,,,,,,,,,,,,,,
Negative keyword,Add,,[Search] Curso Online Piloto | BR,,,,,,,,,,,,,,,Phrase match,Campaign,com hospedagem,,,,,,,,,,,,,,,,,,,,,,,,
Negative keyword,Add,,[Search] Curso Online Piloto | BR,,,,,,,,,,,,,,,Phrase match,Campaign,hotel do curso,,,,,,,,,,,,,,,,,,,,,,,,
Negative keyword,Add,,[Search] Curso Online Piloto | BR,,,,,,,,,,,,,,,Phrase match,Campaign,lisboa,,,,,,,,,,,,,,,,,,,,,,,,
Negative keyword,Add,,[Search] Curso Online Piloto | BR,,,,,,,,,,,,,,,Phrase match,Campaign,sintra,,,,,,,,,,,,,,,,,,,,,,,,
Negative keyword,Add,,[Search] Curso Online Piloto | BR,,,,,,,,,,,,,,,Phrase match,Campaign,portugal,,,,,,,,,,,,,,,,,,,,,,,,
Negative keyword,Add,,[Search] Curso Online Piloto | BR,,,,,,,,,,,,,,,Phrase match,Campaign,europa,,,,,,,,,,,,,,,,,,,,,,,,
Negative keyword,Add,,[Search] Curso Online Piloto | BR,,,,,,,,,,,,,,,Phrase match,Campaign,final de semana intensivo,,,,,,,,,,,,,,,,,,,,,,,,
Negative keyword,Add,,[Search] Curso Online Piloto | BR,,,,,,,,,,,,,,,Phrase match,Campaign,vagas por turma,,,,,,,,,,,,,,,,,,,,,,,,
Negative keyword,Add,,[Search] Curso Presencial Lisboa | PT,,,,,,,,,,,,,,,Phrase match,Campaign,grátis,,,,,,,,,,,,,,,,,,,,,,,,
Negative keyword,Add,,[Search] Curso Presencial Lisboa | PT,,,,,,,,,,,,,,,Phrase match,Campaign,gratuito,,,,,,,,,,,,,,,,,,,,,,,,
Negative keyword,Add,,[Search] Curso Presencial Lisboa | PT,,,,,,,,,,,,,,,Phrase match,Campaign,gratuita,,,,,,,,,,,,,,,,,,,,,,,,
Negative keyword,Add,,[Search] Curso Presencial Lisboa | PT,,,,,,,,,,,,,,,Phrase match,Campaign,de graça,,,,,,,,,,,,,,,,,,,,,,,,
Negative keyword,Add,,[Search] Curso Presencial Lisboa | PT,,,,,,,,,,,,,,,Phrase match,Campaign,pdf,,,,,,,,,,,,,,,,,,,,,,,,
Negative keyword,Add,,[Search] Curso Presencial Lisboa | PT,,,,,,,,,,,,,,,Phrase match,Campaign,download,,,,,,,,,,,,,,,,,,,,,,,,
Negative keyword,Add,,[Search] Curso Presencial Lisboa | PT,,,,,,,,,,,,,,,Phrase match,Campaign,ebook,,,,,,,,,,,,,,,,,,,,,,,,
Negative keyword,Add,,[Search] Curso Presencial Lisboa | PT,,,,,,,,,,,,,,,Phrase match,Campaign,manual pdf,,,,,,,,,,,,,,,,,,,,,,,,
Negative keyword,Add,,[Search] Curso Presencial Lisboa | PT,,,,,,,,,,,,,,,Phrase match,Campaign,apostila pdf,,,,,,,,,,,,,,,,,,,,,,,,
Negative keyword,Add,,[Search] Curso Presencial Lisboa | PT,,,,,,,,,,,,,,,Phrase match,Campaign,curso gratuito,,,,,,,,,,,,,,,,,,,,,,,,
Negative keyword,Add,,[Search] Curso Presencial Lisboa | PT,,,,,,,,,,,,,,,Phrase match,Campaign,emprego,,,,,,,,,,,,,,,,,,,,,,,,
Negative keyword,Add,,[Search] Curso Presencial Lisboa | PT,,,,,,,,,,,,,,,Phrase match,Campaign,vaga de emprego,,,,,,,,,,,,,,,,,,,,,,,,
Negative keyword,Add,,[Search] Curso Presencial Lisboa | PT,,,,,,,,,,,,,,,Phrase match,Campaign,vagas de emprego,,,,,,,,,,,,,,,,,,,,,,,,
Negative keyword,Add,,[Search] Curso Presencial Lisboa | PT,,,,,,,,,,,,,,,Phrase match,Campaign,trabalho,,,,,,,,,,,,,,,,,,,,,,,,
Negative keyword,Add,,[Search] Curso Presencial Lisboa | PT,,,,,,,,,,,,,,,Phrase match,Campaign,salário,,,,,,,,,,,,,,,,,,,,,,,,
Negative keyword,Add,,[Search] Curso Presencial Lisboa | PT,,,,,,,,,,,,,,,Phrase match,Campaign,currículo,,,,,,,,,,,,,,,,,,,,,,,,
Negative keyword,Add,,[Search] Curso Presencial Lisboa | PT,,,,,,,,,,,,,,,Phrase match,Campaign,contratando,,,,,,,,,,,,,,,,,,,,,,,,
Negative keyword,Add,,[Search] Curso Presencial Lisboa | PT,,,,,,,,,,,,,,,Phrase match,Campaign,contrata-se,,,,,,,,,,,,,,,,,,,,,,,,
Negative keyword,Add,,[Search] Curso Presencial Lisboa | PT,,,,,,,,,,,,,,,Phrase match,Campaign,estágio,,,,,,,,,,,,,,,,,,,,,,,,
Negative keyword,Add,,[Search] Curso Presencial Lisboa | PT,,,,,,,,,,,,,,,Phrase match,Campaign,carro,,,,,,,,,,,,,,,,,,,,,,,,
Negative keyword,Add,,[Search] Curso Presencial Lisboa | PT,,,,,,,,,,,,,,,Phrase match,Campaign,automóvel,,,,,,,,,,,,,,,,,,,,,,,,
Negative keyword,Add,,[Search] Curso Presencial Lisboa | PT,,,,,,,,,,,,,,,Phrase match,Campaign,caminhão,,,,,,,,,,,,,,,,,,,,,,,,
Negative keyword,Add,,[Search] Curso Presencial Lisboa | PT,,,,,,,,,,,,,,,Phrase match,Campaign,ônibus,,,,,,,,,,,,,,,,,,,,,,,,
Negative keyword,Add,,[Search] Curso Presencial Lisboa | PT,,,,,,,,,,,,,,,Phrase match,Campaign,bicicleta,,,,,,,,,,,,,,,,,,,,,,,,
Negative keyword,Add,,[Search] Curso Presencial Lisboa | PT,,,,,,,,,,,,,,,Phrase match,Campaign,bike,,,,,,,,,,,,,,,,,,,,,,,,
Negative keyword,Add,,[Search] Curso Presencial Lisboa | PT,,,,,,,,,,,,,,,Phrase match,Campaign,patinete,,,,,,,,,,,,,,,,,,,,,,,,
Negative keyword,Add,,[Search] Curso Presencial Lisboa | PT,,,,,,,,,,,,,,,Phrase match,Campaign,suspensão de carro,,,,,,,,,,,,,,,,,,,,,,,,
Negative keyword,Add,,[Search] Curso Presencial Lisboa | PT,,,,,,,,,,,,,,,Phrase match,Campaign,suspensão automotiva carro,,,,,,,,,,,,,,,,,,,,,,,,
Negative keyword,Add,,[Search] Curso Presencial Lisboa | PT,,,,,,,,,,,,,,,Phrase match,Campaign,comprar amortecedor,,,,,,,,,,,,,,,,,,,,,,,,
Negative keyword,Add,,[Search] Curso Presencial Lisboa | PT,,,,,,,,,,,,,,,Phrase match,Campaign,preço de amortecedor,,,,,,,,,,,,,,,,,,,,,,,,
Negative keyword,Add,,[Search] Curso Presencial Lisboa | PT,,,,,,,,,,,,,,,Phrase match,Campaign,peça de suspensão preço,,,,,,,,,,,,,,,,,,,,,,,,
Negative keyword,Add,,[Search] Curso Presencial Lisboa | PT,,,,,,,,,,,,,,,Phrase match,Campaign,revenda de suspensão,,,,,,,,,,,,,,,,,,,,,,,,
Negative keyword,Add,,[Search] Curso Presencial Lisboa | PT,,,,,,,,,,,,,,,Phrase match,Campaign,youtube,,,,,,,,,,,,,,,,,,,,,,,,
Negative keyword,Add,,[Search] Curso Presencial Lisboa | PT,,,,,,,,,,,,,,,Phrase match,Campaign,jogo,,,,,,,,,,,,,,,,,,,,,,,,
Negative keyword,Add,,[Search] Curso Presencial Lisboa | PT,,,,,,,,,,,,,,,Phrase match,Campaign,game,,,,,,,,,,,,,,,,,,,,,,,,
Negative keyword,Add,,[Search] Curso Presencial Lisboa | PT,,,,,,,,,,,,,,,Phrase match,Campaign,hot wheels,,,,,,,,,,,,,,,,,,,,,,,,
Negative keyword,Add,,[Search] Curso Presencial Lisboa | PT,,,,,,,,,,,,,,,Phrase match,Campaign,grau de moto,,,,,,,,,,,,,,,,,,,,,,,,
Negative keyword,Add,,[Search] Curso Presencial Lisboa | PT,,,,,,,,,,,,,,,Phrase match,Campaign,som automotivo,,,,,,,,,,,,,,,,,,,,,,,,
Negative keyword,Add,,[Search] Curso Presencial Lisboa | PT,,,,,,,,,,,,,,,Phrase match,Campaign,curso de mecânica de carro,,,,,,,,,,,,,,,,,,,,,,,,
Negative keyword,Add,,[Search] Curso Presencial Lisboa | PT,,,,,,,,,,,,,,,Phrase match,Campaign,curso de elétrica automotiva,,,,,,,,,,,,,,,,,,,,,,,,
Negative keyword,Add,,[Search] Curso Presencial Lisboa | PT,,,,,,,,,,,,,,,Phrase match,Campaign,curso de motor,,,,,,,,,,,,,,,,,,,,,,,,
Negative keyword,Add,,[Search] Curso Presencial Lisboa | PT,,,,,,,,,,,,,,,Phrase match,Campaign,curso de injeção eletrônica,,,,,,,,,,,,,,,,,,,,,,,,
Negative keyword,Add,,[Search] Curso Presencial Lisboa | PT,,,,,,,,,,,,,,,Phrase match,Campaign,reclame aqui,,,,,,,,,,,,,,,,,,,,,,,,
Negative keyword,Add,,[Search] Curso Presencial Lisboa | PT,,,,,,,,,,,,,,,Phrase match,Campaign,golpe,,,,,,,,,,,,,,,,,,,,,,,,
Negative keyword,Add,,[Search] Curso Presencial Lisboa | PT,,,,,,,,,,,,,,,Phrase match,Campaign,é confiável,,,,,,,,,,,,,,,,,,,,,,,,
Negative keyword,Add,,[Search] Curso Presencial Lisboa | PT,,,,,,,,,,,,,,,Phrase match,Campaign,cupom,,,,,,,,,,,,,,,,,,,,,,,,
Negative keyword,Add,,[Search] Curso Presencial Lisboa | PT,,,,,,,,,,,,,,,Phrase match,Campaign,cupom de desconto,,,,,,,,,,,,,,,,,,,,,,,,
Negative keyword,Add,,[Search] Curso Presencial Lisboa | PT,,,,,,,,,,,,,,,Phrase match,Campaign,online,,,,,,,,,,,,,,,,,,,,,,,,
Negative keyword,Add,,[Search] Curso Presencial Lisboa | PT,,,,,,,,,,,,,,,Phrase match,Campaign,curso online,,,,,,,,,,,,,,,,,,,,,,,,
Negative keyword,Add,,[Search] Curso Presencial Lisboa | PT,,,,,,,,,,,,,,,Phrase match,Campaign,ead,,,,,,,,,,,,,,,,,,,,,,,,
Negative keyword,Add,,[Search] Curso Presencial Lisboa | PT,,,,,,,,,,,,,,,Phrase match,Campaign,12 meses de acesso,,,,,,,,,,,,,,,,,,,,,,,,
Negative keyword,Add,,[Search] Curso Presencial Lisboa | PT,,,,,,,,,,,,,,,Phrase match,Campaign,assistir quando quiser,,,,,,,,,,,,,,,,,,,,,,,,
Negative keyword,Add,,[Search] Curso Presencial Lisboa | PT,,,,,,,,,,,,,,,Phrase match,Campaign,kiwify,,,,,,,,,,,,,,,,,,,,,,,,
Negative keyword,Add,,[Search] Curso Presencial Lisboa | PT,,,,,,,,,,,,,,,Phrase match,Campaign,hotmart,,,,,,,,,,,,,,,,,,,,,,,,
Negative keyword,Add,,[Search] Curso Presencial Lisboa | PT,,,,,,,,,,,,,,,Phrase match,Campaign,em reais,,,,,,,,,,,,,,,,,,,,,,,,
Negative keyword,Add,,[Search] Curso Presencial Lisboa | PT,,,,,,,,,,,,,,,Phrase match,Campaign,brasil,,,,,,,,,,,,,,,,,,,,,,,,
Negative keyword,Add,,[Search] Curso Presencial Lisboa | PT,,,,,,,,,,,,,,,Phrase match,Campaign,curso à distância,,,,,,,,,,,,,,,,,,,,,,,,
Negative keyword,Add,,[Search] Curso Presencial Lisboa | PT,,,,,,,,,,,,,,,Phrase match,Campaign,r$,,,,,,,,,,,,,,,,,,,,,,,,
Negative keyword,Add,,[Search] Cursos Presenciais | BR,,,,,,,,,,,,,,,Phrase match,Campaign,grátis,,,,,,,,,,,,,,,,,,,,,,,,
Negative keyword,Add,,[Search] Cursos Presenciais | BR,,,,,,,,,,,,,,,Phrase match,Campaign,gratuito,,,,,,,,,,,,,,,,,,,,,,,,
Negative keyword,Add,,[Search] Cursos Presenciais | BR,,,,,,,,,,,,,,,Phrase match,Campaign,gratuita,,,,,,,,,,,,,,,,,,,,,,,,
Negative keyword,Add,,[Search] Cursos Presenciais | BR,,,,,,,,,,,,,,,Phrase match,Campaign,de graça,,,,,,,,,,,,,,,,,,,,,,,,
Negative keyword,Add,,[Search] Cursos Presenciais | BR,,,,,,,,,,,,,,,Phrase match,Campaign,pdf,,,,,,,,,,,,,,,,,,,,,,,,
Negative keyword,Add,,[Search] Cursos Presenciais | BR,,,,,,,,,,,,,,,Phrase match,Campaign,download,,,,,,,,,,,,,,,,,,,,,,,,
Negative keyword,Add,,[Search] Cursos Presenciais | BR,,,,,,,,,,,,,,,Phrase match,Campaign,ebook,,,,,,,,,,,,,,,,,,,,,,,,
Negative keyword,Add,,[Search] Cursos Presenciais | BR,,,,,,,,,,,,,,,Phrase match,Campaign,manual pdf,,,,,,,,,,,,,,,,,,,,,,,,
Negative keyword,Add,,[Search] Cursos Presenciais | BR,,,,,,,,,,,,,,,Phrase match,Campaign,apostila pdf,,,,,,,,,,,,,,,,,,,,,,,,
Negative keyword,Add,,[Search] Cursos Presenciais | BR,,,,,,,,,,,,,,,Phrase match,Campaign,curso gratuito,,,,,,,,,,,,,,,,,,,,,,,,
Negative keyword,Add,,[Search] Cursos Presenciais | BR,,,,,,,,,,,,,,,Phrase match,Campaign,emprego,,,,,,,,,,,,,,,,,,,,,,,,
Negative keyword,Add,,[Search] Cursos Presenciais | BR,,,,,,,,,,,,,,,Phrase match,Campaign,vaga de emprego,,,,,,,,,,,,,,,,,,,,,,,,
Negative keyword,Add,,[Search] Cursos Presenciais | BR,,,,,,,,,,,,,,,Phrase match,Campaign,vagas de emprego,,,,,,,,,,,,,,,,,,,,,,,,
Negative keyword,Add,,[Search] Cursos Presenciais | BR,,,,,,,,,,,,,,,Phrase match,Campaign,trabalho,,,,,,,,,,,,,,,,,,,,,,,,
Negative keyword,Add,,[Search] Cursos Presenciais | BR,,,,,,,,,,,,,,,Phrase match,Campaign,salário,,,,,,,,,,,,,,,,,,,,,,,,
Negative keyword,Add,,[Search] Cursos Presenciais | BR,,,,,,,,,,,,,,,Phrase match,Campaign,currículo,,,,,,,,,,,,,,,,,,,,,,,,
Negative keyword,Add,,[Search] Cursos Presenciais | BR,,,,,,,,,,,,,,,Phrase match,Campaign,contratando,,,,,,,,,,,,,,,,,,,,,,,,
Negative keyword,Add,,[Search] Cursos Presenciais | BR,,,,,,,,,,,,,,,Phrase match,Campaign,contrata-se,,,,,,,,,,,,,,,,,,,,,,,,
Negative keyword,Add,,[Search] Cursos Presenciais | BR,,,,,,,,,,,,,,,Phrase match,Campaign,estágio,,,,,,,,,,,,,,,,,,,,,,,,
Negative keyword,Add,,[Search] Cursos Presenciais | BR,,,,,,,,,,,,,,,Phrase match,Campaign,carro,,,,,,,,,,,,,,,,,,,,,,,,
Negative keyword,Add,,[Search] Cursos Presenciais | BR,,,,,,,,,,,,,,,Phrase match,Campaign,automóvel,,,,,,,,,,,,,,,,,,,,,,,,
Negative keyword,Add,,[Search] Cursos Presenciais | BR,,,,,,,,,,,,,,,Phrase match,Campaign,caminhão,,,,,,,,,,,,,,,,,,,,,,,,
Negative keyword,Add,,[Search] Cursos Presenciais | BR,,,,,,,,,,,,,,,Phrase match,Campaign,ônibus,,,,,,,,,,,,,,,,,,,,,,,,
Negative keyword,Add,,[Search] Cursos Presenciais | BR,,,,,,,,,,,,,,,Phrase match,Campaign,bicicleta,,,,,,,,,,,,,,,,,,,,,,,,
Negative keyword,Add,,[Search] Cursos Presenciais | BR,,,,,,,,,,,,,,,Phrase match,Campaign,bike,,,,,,,,,,,,,,,,,,,,,,,,
Negative keyword,Add,,[Search] Cursos Presenciais | BR,,,,,,,,,,,,,,,Phrase match,Campaign,patinete,,,,,,,,,,,,,,,,,,,,,,,,
Negative keyword,Add,,[Search] Cursos Presenciais | BR,,,,,,,,,,,,,,,Phrase match,Campaign,suspensão de carro,,,,,,,,,,,,,,,,,,,,,,,,
Negative keyword,Add,,[Search] Cursos Presenciais | BR,,,,,,,,,,,,,,,Phrase match,Campaign,suspensão automotiva carro,,,,,,,,,,,,,,,,,,,,,,,,
Negative keyword,Add,,[Search] Cursos Presenciais | BR,,,,,,,,,,,,,,,Phrase match,Campaign,comprar amortecedor,,,,,,,,,,,,,,,,,,,,,,,,
Negative keyword,Add,,[Search] Cursos Presenciais | BR,,,,,,,,,,,,,,,Phrase match,Campaign,preço de amortecedor,,,,,,,,,,,,,,,,,,,,,,,,
Negative keyword,Add,,[Search] Cursos Presenciais | BR,,,,,,,,,,,,,,,Phrase match,Campaign,peça de suspensão preço,,,,,,,,,,,,,,,,,,,,,,,,
Negative keyword,Add,,[Search] Cursos Presenciais | BR,,,,,,,,,,,,,,,Phrase match,Campaign,revenda de suspensão,,,,,,,,,,,,,,,,,,,,,,,,
Negative keyword,Add,,[Search] Cursos Presenciais | BR,,,,,,,,,,,,,,,Phrase match,Campaign,youtube,,,,,,,,,,,,,,,,,,,,,,,,
Negative keyword,Add,,[Search] Cursos Presenciais | BR,,,,,,,,,,,,,,,Phrase match,Campaign,jogo,,,,,,,,,,,,,,,,,,,,,,,,
Negative keyword,Add,,[Search] Cursos Presenciais | BR,,,,,,,,,,,,,,,Phrase match,Campaign,game,,,,,,,,,,,,,,,,,,,,,,,,
Negative keyword,Add,,[Search] Cursos Presenciais | BR,,,,,,,,,,,,,,,Phrase match,Campaign,hot wheels,,,,,,,,,,,,,,,,,,,,,,,,
Negative keyword,Add,,[Search] Cursos Presenciais | BR,,,,,,,,,,,,,,,Phrase match,Campaign,grau de moto,,,,,,,,,,,,,,,,,,,,,,,,
Negative keyword,Add,,[Search] Cursos Presenciais | BR,,,,,,,,,,,,,,,Phrase match,Campaign,som automotivo,,,,,,,,,,,,,,,,,,,,,,,,
Negative keyword,Add,,[Search] Cursos Presenciais | BR,,,,,,,,,,,,,,,Phrase match,Campaign,curso de mecânica de carro,,,,,,,,,,,,,,,,,,,,,,,,
Negative keyword,Add,,[Search] Cursos Presenciais | BR,,,,,,,,,,,,,,,Phrase match,Campaign,curso de elétrica automotiva,,,,,,,,,,,,,,,,,,,,,,,,
Negative keyword,Add,,[Search] Cursos Presenciais | BR,,,,,,,,,,,,,,,Phrase match,Campaign,curso de motor,,,,,,,,,,,,,,,,,,,,,,,,
Negative keyword,Add,,[Search] Cursos Presenciais | BR,,,,,,,,,,,,,,,Phrase match,Campaign,curso de injeção eletrônica,,,,,,,,,,,,,,,,,,,,,,,,
Negative keyword,Add,,[Search] Cursos Presenciais | BR,,,,,,,,,,,,,,,Phrase match,Campaign,reclame aqui,,,,,,,,,,,,,,,,,,,,,,,,
Negative keyword,Add,,[Search] Cursos Presenciais | BR,,,,,,,,,,,,,,,Phrase match,Campaign,golpe,,,,,,,,,,,,,,,,,,,,,,,,
Negative keyword,Add,,[Search] Cursos Presenciais | BR,,,,,,,,,,,,,,,Phrase match,Campaign,é confiável,,,,,,,,,,,,,,,,,,,,,,,,
Negative keyword,Add,,[Search] Cursos Presenciais | BR,,,,,,,,,,,,,,,Phrase match,Campaign,cupom,,,,,,,,,,,,,,,,,,,,,,,,
Negative keyword,Add,,[Search] Cursos Presenciais | BR,,,,,,,,,,,,,,,Phrase match,Campaign,cupom de desconto,,,,,,,,,,,,,,,,,,,,,,,,
Negative keyword,Add,,[Search] Cursos Presenciais | BR,,,,,,,,,,,,,,,Phrase match,Campaign,online,,,,,,,,,,,,,,,,,,,,,,,,
Negative keyword,Add,,[Search] Cursos Presenciais | BR,,,,,,,,,,,,,,,Phrase match,Campaign,curso online,,,,,,,,,,,,,,,,,,,,,,,,
Negative keyword,Add,,[Search] Cursos Presenciais | BR,,,,,,,,,,,,,,,Phrase match,Campaign,ead,,,,,,,,,,,,,,,,,,,,,,,,
Negative keyword,Add,,[Search] Cursos Presenciais | BR,,,,,,,,,,,,,,,Phrase match,Campaign,12 meses de acesso,,,,,,,,,,,,,,,,,,,,,,,,
Negative keyword,Add,,[Search] Cursos Presenciais | BR,,,,,,,,,,,,,,,Phrase match,Campaign,assistir quando quiser,,,,,,,,,,,,,,,,,,,,,,,,
Negative keyword,Add,,[Search] Cursos Presenciais | BR,,,,,,,,,,,,,,,Phrase match,Campaign,kiwify,,,,,,,,,,,,,,,,,,,,,,,,
Negative keyword,Add,,[Search] Cursos Presenciais | BR,,,,,,,,,,,,,,,Phrase match,Campaign,hotmart,,,,,,,,,,,,,,,,,,,,,,,,
Negative keyword,Add,,[Search] Cursos Presenciais | BR,,,,,,,,,,,,,,,Phrase match,Campaign,lisboa,,,,,,,,,,,,,,,,,,,,,,,,
Negative keyword,Add,,[Search] Cursos Presenciais | BR,,,,,,,,,,,,,,,Phrase match,Campaign,sintra,,,,,,,,,,,,,,,,,,,,,,,,
Negative keyword,Add,,[Search] Cursos Presenciais | BR,,,,,,,,,,,,,,,Phrase match,Campaign,portugal,,,,,,,,,,,,,,,,,,,,,,,,
Negative keyword,Add,,[Search] Cursos Presenciais | BR,,,,,,,,,,,,,,,Phrase match,Campaign,europa,,,,,,,,,,,,,,,,,,,,,,,,
Negative keyword,Add,,[Search] Cursos Presenciais | BR,,,,,,,,,,,,,,,Phrase match,Campaign,em portugal,,,,,,,,,,,,,,,,,,,,,,,,
Ad,Add,,[Search] Curso Online Piloto | BR,,,,,,,,,,,Regulagem de Suspensão / SAG,,,,,,,Enabled,Responsive search ad,curso,suspensao,https://w-techbrasil.com.br/curso-suspensao-piloto,Curso de Suspensão de Moto,Aprenda a Regular o SAG,Curso Online de Suspensão,Do Zero ao Acerto Perfeito,"SAG, Molas, Cliques e Óleo",12 Meses de Acesso Online,Garantia Incondicional,R$ 347 à Vista ou 12x,11 Módulos + Bônus Exclusivo,"Com Alex Crepaldi, W-Tech",Curso p/ Trilha e Enduro,Certificado Digital W-Tech,Assista Onde e Quando Quiser,"Menos Dor, Mais Controle",Bônus: Planilhas de SAG/PSI,"Curso online de regulagem de suspensão off-road: SAG, molas, cliques e óleo.","Do zero ao acerto: prática real, 11 módulos + bônus exclusivo com Paschoalin.","Acesso por 12 meses, certificado digital e garantia incondicional de 7 dias.","347 à vista ou 12x de R$ 35,89. Bônus: planilhas de SAG e PSI grátis."
Ad,Add,,[Search] Curso Online Piloto | BR,,,,,,,,,,,"Trilha, Enduro e Motocross",,,,,,,Enabled,Responsive search ad,curso,off-road,https://w-techbrasil.com.br/curso-suspensao-piloto,Suspensão p/ Trilha e Enduro,Curso de Suspensão Off-Road,Regule a Suspensão da Trilha,Ideal p/ Motocross e Enduro,Curso de Suspensão Enduro,Fim do Achismo na Trilha,Mais Tração nas Subidas,Moto Sem Espalhar nas Curvas,Curso Online p/ Off-Road,Do Zero ao Acerto de Trilha,Menos Fadiga nos Braços,Garantia de 7 Dias,"R$ 347 à Vista, 12 Meses",Alex Crepaldi Ensina,Suspensão Certa p/ Hard Enduro,"Regulagem de suspensão para trilha, enduro e motocross, do zero ao acerto fino.","Aprenda com Alex Crepaldi: SAG, molas, cliques e ergonomia para o off-road.","12 meses de acesso, certificado digital e garantia incondicional de 7 dias.",Chega de sentir a moto quicar. Regule sua suspensão com quem é referência.
Ad,Add,,[Search] Curso Online Piloto | BR,,,,,,,,,,,Mecânico e Revalvulação,,,,,,,Enabled,Responsive search ad,curso,mecanico,https://w-techbrasil.com.br/curso-suspensao-piloto,Curso p/ Mecânico de Suspensão,Agregue Serviço na Oficina,Curso de Revalvulação,Especialize-se em Suspensão,O Serviço Mais Lucrativo,Curso Técnico W-Tech,"Domine Molas, Óleo e Cliques",Saia da Revisão Básica,Certificado Digital W-Tech,Fidelize Clientes na Oficina,Curso 100% Online e Prático,Aprenda com Quem é Referência,R$ 347 à Vista ou 12x,Curso de Válvulas e Shims,+3 Mil Mecânicos Formados,"Curso técnico de suspensão para mecânicos e donos de oficina, 100% online.",Agregue o serviço mais lucrativo da oficina: acerto e revalvulação de suspensão.,+3.000 mecânicos e pilotos já formados pela W-Tech. Certificado digital incluso.,"347 à vista ou 12x de R$ 35,89. Garantia incondicional de 7 dias para testar."
Ad,Add,,[Search] Curso Online Piloto | BR,,,,,,,,,,,Marca W-Tech,,,,,,,Enabled,Responsive search ad,w-tech,curso,https://w-techbrasil.com.br/curso-suspensao-piloto,Curso Oficial W-Tech Brasil,Com Alex Crepaldi,Referência em Suspensão,Fundador da W-Tech Ensina,Curso W-Tech 100% Online,+3 Mil Alunos Formados,Módulo Bônus c/ Paschoalin,A Escola Técnica W-Tech,"Curso Online, Selo W-Tech",Alex Crepaldi: Suspensão,Garantia de 7 Dias,12 Meses de Acesso,Certificado Oficial W-Tech,W-Tech: 11 Módulos + Bônus,Marca Referência em Off-Road,"O curso oficial da W-Tech Brasil, com Alex Crepaldi. Referência nacional.",Mais de 3.000 mecânicos e pilotos já formados pela metodologia W-Tech.,11 módulos + bônus exclusivo com Rafa Paschoalin. Acesso por 12 meses.,Curso online com certificado digital e garantia incondicional de 7 dias.
Ad,Add,,[Search] Curso Presencial Lisboa | PT,,,,,,,,,,,Curso de Suspensões Lisboa / Sintra,,,,,,,Enabled,Responsive search ad,lisboa,curso,https://w-techbrasil.com.br/lp-wtech-lisboa-nov,Curso de Suspensões em Lisboa,W-Tech Lisboa: 2ª Edição,"23, 24 e 25 de Outubro","Formação em Sintra, Portugal",3 Dias de Imersão Técnica,Art on Wheels Garage,Certificação W-Tech,Com Alex Crepaldi,Sinal de Apenas €150,Vagas Estritamente Limitadas,Curso Presencial p/ Motas,Prática em Bancada Real,Garanta Já a Sua Vaga,Reserve com Sinal de €150,Padrão Internacional W-Tech,"Formação presencial de 3 dias em Sintra, com Alex Crepaldi. 23 a 25/10.",Reserve sua vaga com sinal de €150 ou pague o valor integral de €480.,"Hidráulica, molas, valving e rebuild completo. Certificação internacional.","Vagas estritamente limitadas para a 2ª edição em Sintra, Portugal."
Ad,Add,,[Search] Curso Presencial Lisboa | PT,,,,,,,,,,,Afinação / Regulação de Suspensão,,,,,,,Enabled,Responsive search ad,afinacao,suspensao,https://w-techbrasil.com.br/lp-wtech-lisboa-nov,Afinação de Suspensão de Mota,Curso de Afinação de Motas,Regulação Profissional de Mota,Aprenda a Afinar a Suspensão,Formação Técnica em Sintra,Curso de Mecânica de Motas,3 Dias 100% Práticos,Com Certificação W-Tech,Domina a Hidráulica da Mota,Reserva já com Sinal de €150,Vagas Muito Limitadas,Formação com Alex Crepaldi,Curso de Suspensões Motas,Formação Prática e Técnica,Nível Internacional W-Tech,"Curso presencial de afinação de suspensões de motas, com Alex Crepaldi.","3 dias de formação técnica em Sintra: hidráulica, molas e valving.",Reserva a tua vaga com sinal de €150. Vagas estritamente limitadas.,"Certificação internacional W-Tech. 2ª edição em Sintra, 23 a 25/10."
Ad,Add,,[Search] Curso Presencial Lisboa | PT,,,,,,,,,,,Marca / Evento W-Tech Lisboa,,,,,,,Enabled,Responsive search ad,w-tech,lisboa,https://w-techbrasil.com.br/lp-wtech-lisboa-nov,W-Tech Lisboa II,Curso Oficial W-Tech Europa,2ª Edição em Portugal,Com Alex Crepaldi,Sucesso da 1ª Edição,Veja Vídeos da 1ª Edição,Parceria Oficial Liqui Moly,W-Tech: Padrão Internacional,Formação W-Tech em Sintra,A Metodologia W-Tech,Vagas Limitadas: Garanta Já,Curso Wtech Sintra 2026,Referência em Suspensão,23 a 25 de Outubro 2026,Certificação W-Tech,A 2ª edição oficial do curso W-Tech em Portugal. Vagas muito limitadas.,Com Alex Crepaldi e apoio Liqui Moly. Certificação internacional W-Tech.,"Prática real em bancada: hidráulica, valving e rebuild completo.","Formação de referência internacional, agora na 2ª edição em Sintra."
Ad,Add,,[Search] Curso Presencial Lisboa | PT,,,,,,,,,,,Mecânico / Oficina Portugal,,,,,,,Enabled,Responsive search ad,mecanico,motas,https://w-techbrasil.com.br/lp-wtech-lisboa-nov,Curso para Mecânico de Motas,Formação Técnica p/ Oficinas,Curso de Revalvulação PT,Especializa-te em Suspensão,Agrega Valor à Tua Oficina,Curso Técnico W-Tech PT,"Domina Molas, Óleo, Valving",Formação Profissional Motas,Certificação Internacional,"3 Dias, Teoria e Prática",Com Alex Crepaldi,Reserva com Sinal de €150,Curso Presencial em Sintra,Vagas Muito Limitadas,Formação p/ Donos de Oficina,Curso técnico presencial para mecânicos e oficinas de motas em Portugal.,Agrega o serviço de suspensões à tua oficina. Formação com Alex Crepaldi.,"3 dias de teoria e prática em bancada real, com certificação internacional.",Vagas estritamente limitadas. Reserva já com sinal de €150.
Ad,Add,,[Search] Cursos Presenciais | BR,,,,,,,,,,,Curso Presencial de Suspensão,,,,,,,Enabled,Responsive search ad,cursos,presencial,https://w-techbrasil.com.br/cursos,Curso Presencial de Suspensão,"Aprenda na Prática, ao Vivo",Imersão Técnica W-Tech,Curso com Alex Crepaldi,Turmas em Todo o Brasil,Prática 100% Presencial,Referência Nacional,Certificado W-Tech,"Mãos na Massa, de Verdade",Do Zero ao Acerto Fino,Formação Técnica Intensiva,Vagas Limitadas por Turma,+3 Mil Alunos Formados,Pagamento por Pix ou Cartão,Ver Turmas Abertas Agora,"Curso presencial e prático de regulagem de suspensão, com Alex Crepaldi.",Turmas em várias cidades do Brasil. Vagas limitadas por turma.,+3.000 mecânicos e pilotos já formados pela metodologia W-Tech.,Veja as próximas turmas e garanta sua vaga. Pagamento por Pix ou cartão.
Ad,Add,,[Search] Cursos Presenciais | BR,,,,,,,,,,,Mecânico / Oficina / Profissionalização,,,,,,,Enabled,Responsive search ad,cursos,mecanico,https://w-techbrasil.com.br/cursos,Curso Profissionalizante,Especialize-se em Suspensão,Curso p/ Mecânico de Moto,Abra sua Oficina de Suspensão,Curso de Revalvulação,Agregue Valor à Oficina,Formação Técnica Completa,Certificado Profissional,Curso Técnico Presencial,Com Alex Crepaldi,O Serviço Mais Lucrativo,Turmas em Todo o Brasil,Referência Nacional,"Domine Molas, Óleo e Shims",Vagas Limitadas por Turma,Curso presencial e técnico para mecânicos e donos de oficina de motos.,Agregue o serviço mais lucrativo da oficina: revalvulação de suspensão.,"Formação técnica completa, com certificado e prática 100% presencial.",Turmas em várias cidades. Aprenda com Alex Crepaldi e vire referência.
Ad,Add,,[Search] Cursos Presenciais | BR,,,,,,,,,,,Marca / Agenda de Turmas,,,,,,,Enabled,Responsive search ad,cursos,agenda,https://w-techbrasil.com.br/cursos,Cursos W-Tech Brasil,Veja a Agenda de Cursos,Turmas W-Tech Suspensão,Próximas Turmas Abertas,Curso Oficial W-Tech,Com Alex Crepaldi,Referência Nacional,+3 Mil Alunos Formados,Baixe a Agenda em PDF,Calendário Nacional 2026,Cursos em Todo o Brasil,Certificado Oficial W-Tech,Escolha sua Cidade e Data,Garanta Já a Sua Vaga,Turmas Sempre Atualizadas,Confira a agenda nacional de cursos presenciais W-Tech e escolha a sua.,"Turmas em várias cidades do Brasil, com certificado e vagas limitadas.",Baixe a agenda completa em PDF e escolha a turma mais perto de você.,Curso oficial com Alex Crepaldi e certificado W-Tech reconhecido.
Ad,Add,,[Search] Cursos Presenciais | BR,,,,,,,,,,,Trilha / Enduro / Motocross Presencial,,,,,,,Enabled,Responsive search ad,cursos,off-road,https://w-techbrasil.com.br/cursos,Suspensão Presencial p/ Trilha,Curso Presencial de Trilha,Suspensão p/ Motocross,Suspensão p/ Enduro Real,Curso Presencial Off-Road,Prática Real em Trilha,Imersão p/ Pilotos Off-Road,Fim do Achismo na Trilha,Com Alex Crepaldi,Turmas em Todo o Brasil,Certificado W-Tech,Vagas Limitadas por Turma,Referência Nacional,Setup Ideal p/ Cada Terreno,"Mãos na Massa, de Verdade","Curso presencial de suspensão para trilha, enduro e motocross, na prática.","Mãos na massa em bancada real: molas, óleo, cliques e setup de terreno.","Turmas em várias cidades do Brasil, com certificado oficial W-Tech.","Vagas limitadas por turma. Garanta a sua com Alex Crepaldi, ao vivo."
